customer_id,recency,frequency,monetary,R_score,F_score,M_score,RFM_score,segment
C00001,8,3,1349.0,5,2,2,9,Potential Loyalists
C00002,37,3,2038.0,3,2,3,8,Potential Loyalists
C00003,133,2,910.0,1,1,1,3,Hibernating
C00004,32,5,3001.0,3,4,5,12,Loyal Customers
C00005,22,1,408.0,4,1,1,6,At Risk
C00006,6,2,1448.0,5,1,2,8,Potential Loyalists
C00007,85,4,1949.0,1,3,3,7,Potential Loyalists
C00008,7,7,3956.0,5,5,5,15,Champions
C00009,5,2,860.0,5,1,1,7,Potential Loyalists
C00010,57,2,666.0,2,1,1,4,Hibernating
C00011,3,7,4112.0,5,5,5,15,Champions
C00012,44,5,2487.0,2,4,4,10,Loyal Customers
C00013,2,3,1694.0,5,2,3,10,Loyal Customers
C00014,53,1,376.0,2,1,1,4,Hibernating
C00015,23,5,2206.0,4,4,4,12,Loyal Customers
C00017,23,6,3685.0,4,5,5,14,Champions
C00018,3,7,3286.0,5,5,5,15,Champions
C00019,50,6,3203.0,2,5,5,12,Loyal Customers
C00020,87,2,681.0,1,1,1,3,Hibernating
C00021,30,5,3051.0,3,4,5,12,Loyal Customers
C00022,42,3,1573.0,3,2,2,7,Potential Loyalists
C00023,6,5,3433.0,5,4,5,14,Champions
C00024,11,5,2173.0,4,4,4,12,Loyal Customers
C00025,9,7,3280.0,5,5,5,15,Champions
C00026,44,6,3827.0,2,5,5,12,Loyal Customers
C00027,20,5,3106.0,4,4,5,13,Champions
C00028,7,4,2273.0,5,3,4,12,Loyal Customers
C00029,70,3,2195.0,2,2,4,8,Potential Loyalists
C00030,41,5,2585.0,3,4,4,11,Loyal Customers
C00031,2,3,1938.0,5,2,3,10,Loyal Customers
C00032,37,4,1863.0,3,3,3,9,Potential Loyalists
C00033,5,5,2893.0,5,4,5,14,Champions
C00034,68,2,978.0,2,1,1,4,Hibernating
C00035,92,3,1695.0,1,2,3,6,At Risk
C00036,61,5,2810.0,2,4,5,11,Loyal Customers
C00037,6,2,760.0,5,1,1,7,Potential Loyalists
C00038,9,6,3387.0,5,5,5,15,Champions
C00039,58,3,860.0,2,2,1,5,At Risk
C00040,1,2,1995.0,5,1,3,9,Potential Loyalists
C00041,34,1,225.0,3,1,1,5,At Risk
C00042,97,5,2312.0,1,4,4,9,Potential Loyalists
C00043,123,3,1972.0,1,2,3,6,At Risk
C00044,41,2,753.0,3,1,1,5,At Risk
C00045,38,4,2524.0,3,3,4,10,Loyal Customers
C00046,19,3,1705.0,4,2,3,9,Potential Loyalists
C00047,28,2,1334.0,3,1,2,6,At Risk
C00048,16,4,2657.0,4,3,4,11,Loyal Customers
C00049,23,6,3037.0,4,5,5,14,Champions
C00050,98,1,371.0,1,1,1,3,Hibernating
C00051,14,3,959.0,4,2,1,7,Potential Loyalists
C00052,35,4,1826.0,3,3,3,9,Potential Loyalists
C00053,72,3,1060.0,2,2,2,6,At Risk
C00054,1,2,863.0,5,1,1,7,Potential Loyalists
C00055,33,5,2471.0,3,4,4,11,Loyal Customers
C00056,2,6,3443.0,5,5,5,15,Champions
C00057,4,2,889.0,5,1,1,7,Potential Loyalists
C00058,67,3,1978.0,2,2,3,7,Potential Loyalists
C00059,11,6,2993.0,4,5,5,14,Champions
C00060,33,3,1117.0,3,2,2,7,Potential Loyalists
C00063,79,4,2402.0,1,3,4,8,Potential Loyalists
C00064,38,6,3043.0,3,5,5,13,Champions
C00066,1,8,5748.0,5,5,5,15,Champions
C00067,87,2,958.0,1,1,1,3,Hibernating
C00068,59,3,1664.0,2,2,3,7,Potential Loyalists
C00069,9,2,1013.0,5,1,1,7,Potential Loyalists
C00070,41,2,791.0,3,1,1,5,At Risk
C00071,6,2,912.0,5,1,1,7,Potential Loyalists
C00072,4,6,2368.0,5,5,4,14,Champions
C00073,20,2,815.0,4,1,1,6,At Risk
C00074,98,6,3993.0,1,5,5,11,Loyal Customers
C00075,160,1,374.0,1,1,1,3,Hibernating
C00076,70,2,1086.0,2,1,2,5,At Risk
C00077,70,1,325.0,2,1,1,4,Hibernating
C00078,16,3,1930.0,4,2,3,9,Potential Loyalists
C00079,11,7,4273.0,4,5,5,14,Champions
C00080,0,3,1574.0,5,2,2,9,Potential Loyalists
C00081,6,4,2261.0,5,3,4,12,Loyal Customers
C00082,1,5,2645.0,5,4,4,13,Champions
C00083,111,3,1459.0,1,2,2,5,At Risk
C00084,75,2,1396.0,1,1,2,4,Hibernating
C00085,32,5,3242.0,3,4,5,12,Loyal Customers
C00086,9,4,1917.0,5,3,3,11,Loyal Customers
C00087,164,2,1479.0,1,1,2,4,Hibernating
C00088,76,2,1556.0,1,1,2,4,Hibernating
C00089,0,5,2499.0,5,4,4,13,Champions
C00090,6,3,1356.0,5,2,2,9,Potential Loyalists
C00091,3,3,1482.0,5,2,2,9,Potential Loyalists
C00092,103,5,2498.0,1,4,4,9,Potential Loyalists
C00093,5,5,2703.0,5,4,4,13,Champions
C00094,9,8,3773.0,5,5,5,15,Champions
C00095,141,2,1060.0,1,1,2,4,Hibernating
C00096,81,3,1202.0,1,2,2,5,At Risk
C00098,19,1,422.0,4,1,1,6,At Risk
C00099,71,3,1301.0,2,2,2,6,At Risk
C00100,89,2,686.0,1,1,1,3,Hibernating
C00101,32,4,2951.0,3,3,5,11,Loyal Customers
C00102,1,4,1845.0,5,3,3,11,Loyal Customers
C00103,74,6,4266.0,2,5,5,12,Loyal Customers
C00104,25,1,700.0,3,1,1,5,At Risk
C00105,44,7,3105.0,2,5,5,12,Loyal Customers
C00106,33,5,3474.0,3,4,5,12,Loyal Customers
C00107,108,3,1913.0,1,2,3,6,At Risk
C00108,63,3,1769.0,2,2,3,7,Potential Loyalists
C00109,2,3,1909.0,5,2,3,10,Loyal Customers
C00110,29,4,2062.0,3,3,3,9,Potential Loyalists
C00111,29,9,6126.0,3,5,5,13,Champions
C00112,61,3,1863.0,2,2,3,7,Potential Loyalists
C00113,36,2,1068.0,3,1,2,6,At Risk
C00114,53,4,2289.0,2,3,4,9,Potential Loyalists
C00115,43,4,2014.0,3,3,3,9,Potential Loyalists
C00116,17,2,1207.0,4,1,2,7,Potential Loyalists
C00117,14,5,2653.0,4,4,4,12,Loyal Customers
C00118,25,4,1705.0,3,3,3,9,Potential Loyalists
C00119,4,4,1873.0,5,3,3,11,Loyal Customers
C00120,27,2,796.0,3,1,1,5,At Risk
C00121,19,6,2428.0,4,5,4,13,Champions
C00122,25,6,2719.0,3,5,4,12,Loyal Customers
C00123,19,5,2232.0,4,4,4,12,Loyal Customers
C00124,99,1,708.0,1,1,1,3,Hibernating
C00125,30,6,3202.0,3,5,5,13,Champions
C00126,50,6,3848.0,2,5,5,12,Loyal Customers
C00127,36,4,1796.0,3,3,3,9,Potential Loyalists
C00128,23,4,2094.0,4,3,3,10,Loyal Customers
C00129,65,5,3104.0,2,4,5,11,Loyal Customers
C00130,82,2,1336.0,1,1,2,4,Hibernating
C00131,178,1,603.0,1,1,1,3,Hibernating
C00132,84,4,1639.0,1,3,3,7,Potential Loyalists
C00133,88,4,2355.0,1,3,4,8,Potential Loyalists
C00134,14,5,3252.0,4,4,5,13,Champions
C00135,64,3,1741.0,2,2,3,7,Potential Loyalists
C00136,37,2,1073.0,3,1,2,6,At Risk
C00137,6,2,905.0,5,1,1,7,Potential Loyalists
C00138,68,3,1416.0,2,2,2,6,At Risk
C00139,173,1,693.0,1,1,1,3,Hibernating
C00140,121,3,1682.0,1,2,3,6,At Risk
C00141,0,5,2697.0,5,4,4,13,Champions
C00142,75,1,436.0,1,1,1,3,Hibernating
C00143,29,6,3099.0,3,5,5,13,Champions
C00144,177,1,495.0,1,1,1,3,Hibernating
C00145,102,1,474.0,1,1,1,3,Hibernating
C00146,9,5,3261.0,5,4,5,14,Champions
C00147,80,4,1870.0,1,3,3,7,Potential Loyalists
C00148,48,2,1211.0,2,1,2,5,At Risk
C00149,81,3,1120.0,1,2,2,5,At Risk
C00150,82,1,602.0,1,1,1,3,Hibernating
C00151,24,5,1684.0,4,4,3,11,Loyal Customers
C00152,90,5,2924.0,1,4,5,10,Loyal Customers
C00153,50,2,1084.0,2,1,2,5,At Risk
C00154,48,2,995.0,2,1,1,4,Hibernating
C00155,63,4,2104.0,2,3,3,8,Potential Loyalists
C00157,50,5,2125.0,2,4,3,9,Potential Loyalists
C00158,51,2,1150.0,2,1,2,5,At Risk
C00159,38,5,1987.0,3,4,3,10,Loyal Customers
C00160,15,4,1924.0,4,3,3,10,Loyal Customers
C00161,1,5,1807.0,5,4,3,12,Loyal Customers
C00162,51,5,3421.0,2,4,5,11,Loyal Customers
C00163,92,1,589.0,1,1,1,3,Hibernating
C00164,66,3,1444.0,2,2,2,6,At Risk
C00165,34,8,3842.0,3,5,5,13,Champions
C00166,12,4,1502.0,4,3,2,9,Potential Loyalists
C00167,3,5,2537.0,5,4,4,13,Champions
C00168,77,3,1286.0,1,2,2,5,At Risk
C00169,61,8,4907.0,2,5,5,12,Loyal Customers
C00170,0,3,1232.0,5,2,2,9,Potential Loyalists
C00171,22,3,1804.0,4,2,3,9,Potential Loyalists
C00172,80,2,861.0,1,1,1,3,Hibernating
C00173,76,4,2141.0,1,3,4,8,Potential Loyalists
C00174,51,2,1609.0,2,1,3,6,At Risk
C00175,9,6,2081.0,5,5,3,13,Champions
C00176,2,7,3396.0,5,5,5,15,Champions
C00177,43,3,1430.0,3,2,2,7,Potential Loyalists
C00178,35,2,897.0,3,1,1,5,At Risk
C00179,3,8,4022.0,5,5,5,15,Champions
C00180,38,4,2159.0,3,3,4,10,Loyal Customers
C00181,158,1,425.0,1,1,1,3,Hibernating
C00182,14,4,2272.0,4,3,4,11,Loyal Customers
C00183,43,5,2404.0,3,4,4,11,Loyal Customers
C00184,55,1,380.0,2,1,1,4,Hibernating
C00185,135,1,642.0,1,1,1,3,Hibernating
C00186,13,4,1939.0,4,3,3,10,Loyal Customers
C00187,23,3,1602.0,4,2,3,9,Potential Loyalists
C00188,52,3,2195.0,2,2,4,8,Potential Loyalists
C00189,14,5,2634.0,4,4,4,12,Loyal Customers
C00190,76,1,809.0,1,1,1,3,Hibernating
C00191,76,5,1468.0,1,4,2,7,Potential Loyalists
C00192,101,3,1077.0,1,2,2,5,At Risk
C00193,7,3,1194.0,5,2,2,9,Potential Loyalists
C00194,39,2,1021.0,3,1,1,5,At Risk
C00195,154,2,1016.0,1,1,1,3,Hibernating
C00196,39,5,3631.0,3,4,5,12,Loyal Customers
C00197,25,4,1877.0,3,3,3,9,Potential Loyalists
C00198,22,3,1601.0,4,2,3,9,Potential Loyalists
C00199,33,5,2723.0,3,4,4,11,Loyal Customers
C00200,13,6,2665.0,4,5,4,13,Champions
C00201,10,2,933.0,5,1,1,7,Potential Loyalists
C00202,1,6,3239.0,5,5,5,15,Champions
C00203,57,5,2607.0,2,4,4,10,Loyal Customers
C00204,19,7,4051.0,4,5,5,14,Champions
C00205,88,4,1714.0,1,3,3,7,Potential Loyalists
C00206,30,6,3642.0,3,5,5,13,Champions
C00207,15,5,2765.0,4,4,4,12,Loyal Customers
C00208,57,4,2115.0,2,3,3,8,Potential Loyalists
C00209,21,7,3146.0,4,5,5,14,Champions
C00210,95,3,1623.0,1,2,3,6,At Risk
C00211,30,2,1319.0,3,1,2,6,At Risk
C00212,0,3,1589.0,5,2,2,9,Potential Loyalists
C00213,50,3,1200.0,2,2,2,6,At Risk
C00214,33,7,3042.0,3,5,5,13,Champions
C00215,25,2,1067.0,3,1,2,6,At Risk
C00216,40,5,1767.0,3,4,3,10,Loyal Customers
C00217,12,4,1784.0,4,3,3,10,Loyal Customers
C00218,22,3,1324.0,4,2,2,8,Potential Loyalists
C00219,20,5,2340.0,4,4,4,12,Loyal Customers
C00220,1,4,2195.0,5,3,4,12,Loyal Customers
C00221,71,5,1671.0,2,4,3,9,Potential Loyalists
C00222,1,3,1985.0,5,2,3,10,Loyal Customers
C00223,7,4,1990.0,5,3,3,11,Loyal Customers
C00224,48,3,1437.0,2,2,2,6,At Risk
C00225,2,7,4020.0,5,5,5,15,Champions
C00226,3,3,1743.0,5,2,3,10,Loyal Customers
C00227,6,4,1698.0,5,3,3,11,Loyal Customers
C00228,2,6,2424.0,5,5,4,14,Champions
C00229,24,6,3079.0,4,5,5,14,Champions
C00230,1,3,1512.0,5,2,2,9,Potential Loyalists
C00231,1,7,3829.0,5,5,5,15,Champions
C00232,103,6,3553.0,1,5,5,11,Loyal Customers
C00233,19,5,3291.0,4,4,5,13,Champions
C00234,37,6,2803.0,3,5,4,12,Loyal Customers
C00235,1,2,578.0,5,1,1,7,Potential Loyalists
C00236,14,2,893.0,4,1,1,6,At Risk
C00237,15,3,1056.0,4,2,2,8,Potential Loyalists
C00238,102,1,776.0,1,1,1,3,Hibernating
C00239,9,2,1221.0,5,1,2,8,Potential Loyalists
C00240,74,3,1587.0,2,2,2,6,At Risk
C00241,0,4,1708.0,5,3,3,11,Loyal Customers
C00242,160,2,1030.0,1,1,1,3,Hibernating
C00243,29,4,1883.0,3,3,3,9,Potential Loyalists
C00244,67,5,1762.0,2,4,3,9,Potential Loyalists
C00245,47,5,3828.0,2,4,5,11,Loyal Customers
C00246,76,3,1277.0,1,2,2,5,At Risk
C00247,46,4,2569.0,2,3,4,9,Potential Loyalists
C00248,10,7,3615.0,5,5,5,15,Champions
C00249,48,3,1430.0,2,2,2,6,At Risk
C00250,75,3,1091.0,1,2,2,5,At Risk
C00251,43,3,2594.0,3,2,4,9,Potential Loyalists
C00252,156,1,315.0,1,1,1,3,Hibernating
C00253,11,3,1680.0,4,2,3,9,Potential Loyalists
C00254,29,4,2705.0,3,3,4,10,Loyal Customers
C00255,68,4,1890.0,2,3,3,8,Potential Loyalists
C00256,10,4,1944.0,5,3,3,11,Loyal Customers
C00257,97,6,2957.0,1,5,5,11,Loyal Customers
C00258,24,4,1553.0,4,3,2,9,Potential Loyalists
C00259,42,4,2874.0,3,3,5,11,Loyal Customers
C00260,55,7,3474.0,2,5,5,12,Loyal Customers
C00261,91,4,1719.0,1,3,3,7,Potential Loyalists
C00262,31,4,1617.0,3,3,3,9,Potential Loyalists
C00263,27,6,2833.0,3,5,5,13,Champions
C00264,123,1,779.0,1,1,1,3,Hibernating
C00265,32,2,638.0,3,1,1,5,At Risk
C00266,19,6,3449.0,4,5,5,14,Champions
C00267,32,3,1049.0,3,2,2,7,Potential Loyalists
C00268,25,3,1104.0,3,2,2,7,Potential Loyalists
C00269,3,4,2011.0,5,3,3,11,Loyal Customers
C00270,3,6,3666.0,5,5,5,15,Champions
C00271,40,4,2188.0,3,3,4,10,Loyal Customers
C00272,15,4,2059.0,4,3,3,10,Loyal Customers
C00273,15,4,1387.0,4,3,2,9,Potential Loyalists
C00275,69,2,1169.0,2,1,2,5,At Risk
C00276,106,1,486.0,1,1,1,3,Hibernating
C00277,19,4,1475.0,4,3,2,9,Potential Loyalists
C00278,3,4,1706.0,5,3,3,11,Loyal Customers
C00279,95,1,293.0,1,1,1,3,Hibernating
C00280,41,5,2167.0,3,4,4,11,Loyal Customers
C00281,19,8,4114.0,4,5,5,14,Champions
C00283,127,4,1633.0,1,3,3,7,Potential Loyalists
C00284,40,2,937.0,3,1,1,5,At Risk
C00285,14,5,3008.0,4,4,5,13,Champions
C00287,61,3,1283.0,2,2,2,6,At Risk
C00288,66,4,1698.0,2,3,3,8,Potential Loyalists
C00289,51,2,1046.0,2,1,1,4,Hibernating
C00290,103,2,903.0,1,1,1,3,Hibernating
C00291,21,6,2858.0,4,5,5,14,Champions
C00292,73,5,2090.0,2,4,3,9,Potential Loyalists
C00293,25,6,2275.0,3,5,4,12,Loyal Customers
C00294,15,3,1231.0,4,2,2,8,Potential Loyalists
C00295,101,2,827.0,1,1,1,3,Hibernating
C00296,17,4,1817.0,4,3,3,10,Loyal Customers
C00297,25,5,2850.0,3,4,5,12,Loyal Customers
C00298,60,2,759.0,2,1,1,4,Hibernating
C00299,64,1,600.0,2,1,1,4,Hibernating
C00300,4,4,2310.0,5,3,4,12,Loyal Customers
C00301,30,4,1749.0,3,3,3,9,Potential Loyalists
C00302,9,3,1388.0,5,2,2,9,Potential Loyalists
C00303,50,5,2511.0,2,4,4,10,Loyal Customers
C00304,35,4,1994.0,3,3,3,9,Potential Loyalists
C00305,91,2,964.0,1,1,1,3,Hibernating
C00306,28,4,1589.0,3,3,2,8,Potential Loyalists
C00307,175,1,385.0,1,1,1,3,Hibernating
C00308,9,3,1847.0,5,2,3,10,Loyal Customers
C00309,130,1,761.0,1,1,1,3,Hibernating
C00310,177,1,617.0,1,1,1,3,Hibernating
C00311,15,3,1585.0,4,2,2,8,Potential Loyalists
C00312,33,2,785.0,3,1,1,5,At Risk
C00313,8,2,839.0,5,1,1,7,Potential Loyalists
C00314,16,4,2284.0,4,3,4,11,Loyal Customers
C00315,30,1,769.0,3,1,1,5,At Risk
C00316,39,6,2456.0,3,5,4,12,Loyal Customers
C00318,29,5,2887.0,3,4,5,12,Loyal Customers
C00319,142,3,1436.0,1,2,2,5,At Risk
C00320,9,6,3064.0,5,5,5,15,Champions
C00321,20,3,1115.0,4,2,2,8,Potential Loyalists
C00322,41,8,3172.0,3,5,5,13,Champions
C00323,45,4,2680.0,2,3,4,9,Potential Loyalists
C00324,43,3,1664.0,3,2,3,8,Potential Loyalists
C00325,14,2,1318.0,4,1,2,7,Potential Loyalists
C00327,8,3,997.0,5,2,1,8,Potential Loyalists
C00328,15,4,1625.0,4,3,3,10,Loyal Customers
C00329,22,5,2109.0,4,4,3,11,Loyal Customers
C00331,24,4,2103.0,4,3,3,10,Loyal Customers
C00332,43,2,936.0,3,1,1,5,At Risk
C00333,21,3,2364.0,4,2,4,10,Loyal Customers
C00334,13,3,1064.0,4,2,2,8,Potential Loyalists
C00335,5,5,3133.0,5,4,5,14,Champions
C00336,55,5,2604.0,2,4,4,10,Loyal Customers
C00337,13,3,1638.0,4,2,3,9,Potential Loyalists
C00338,5,5,2684.0,5,4,4,13,Champions
C00339,46,5,2412.0,2,4,4,10,Loyal Customers
C00340,70,3,1163.0,2,2,2,6,At Risk
C00341,4,5,2703.0,5,4,4,13,Champions
C00342,27,2,1523.0,3,1,2,6,At Risk
C00343,49,6,2959.0,2,5,5,12,Loyal Customers
C00344,20,5,2776.0,4,4,4,12,Loyal Customers
C00345,25,2,749.0,3,1,1,5,At Risk
C00346,16,2,684.0,4,1,1,6,At Risk
C00347,3,5,2830.0,5,4,5,14,Champions
C00348,129,2,2248.0,1,1,4,6,At Risk
C00349,26,5,2682.0,3,4,4,11,Loyal Customers
C00350,105,3,1499.0,1,2,2,5,At Risk
C00351,9,7,4399.0,5,5,5,15,Champions
C00352,16,2,675.0,4,1,1,6,At Risk
C00353,5,2,618.0,5,1,1,7,Potential Loyalists
C00354,61,2,878.0,2,1,1,4,Hibernating
C00355,17,4,3136.0,4,3,5,12,Loyal Customers
C00356,32,5,2101.0,3,4,3,10,Loyal Customers
C00357,31,10,4343.0,3,5,5,13,Champions
C00358,8,3,1434.0,5,2,2,9,Potential Loyalists
C00359,19,2,962.0,4,1,1,6,At Risk
C00360,132,2,571.0,1,1,1,3,Hibernating
C00361,98,3,1552.0,1,2,2,5,At Risk
C00362,16,4,2036.0,4,3,3,10,Loyal Customers
C00363,44,3,1947.0,2,2,3,7,Potential Loyalists
C00364,10,7,3622.0,5,5,5,15,Champions
C00365,90,4,1478.0,1,3,2,6,At Risk
C00366,23,4,1945.0,4,3,3,10,Loyal Customers
C00367,67,3,1991.0,2,2,3,7,Potential Loyalists
C00368,27,5,2545.0,3,4,4,11,Loyal Customers
C00369,31,4,3095.0,3,3,5,11,Loyal Customers
C00370,38,2,1030.0,3,1,1,5,At Risk
C00371,26,1,518.0,3,1,1,5,At Risk
C00372,0,2,1137.0,5,1,2,8,Potential Loyalists
C00373,25,7,3840.0,3,5,5,13,Champions
C00374,8,3,1614.0,5,2,3,10,Loyal Customers
C00375,113,2,798.0,1,1,1,3,Hibernating
C00376,52,2,1175.0,2,1,2,5,At Risk
C00377,14,6,3484.0,4,5,5,14,Champions
C00378,20,3,1311.0,4,2,2,8,Potential Loyalists
C00379,21,3,1677.0,4,2,3,9,Potential Loyalists
C00380,1,5,2067.0,5,4,3,12,Loyal Customers
C00381,25,4,1879.0,3,3,3,9,Potential Loyalists
C00382,33,4,1769.0,3,3,3,9,Potential Loyalists
C00383,97,3,1760.0,1,2,3,6,At Risk
C00384,1,5,2379.0,5,4,4,13,Champions
C00385,24,5,2441.0,4,4,4,12,Loyal Customers
C00386,114,3,1374.0,1,2,2,5,At Risk
C00387,2,3,1525.0,5,2,2,9,Potential Loyalists
C00388,8,7,3338.0,5,5,5,15,Champions
C00389,49,4,1674.0,2,3,3,8,Potential Loyalists
C00390,113,1,444.0,1,1,1,3,Hibernating
C00391,57,2,698.0,2,1,1,4,Hibernating
C00392,44,3,1474.0,2,2,2,6,At Risk
C00393,26,2,1205.0,3,1,2,6,At Risk
C00394,41,1,400.0,3,1,1,5,At Risk
C00395,18,8,4437.0,4,5,5,14,Champions
C00396,9,4,1663.0,5,3,3,11,Loyal Customers
C00397,1,5,2651.0,5,4,4,13,Champions
C00398,19,3,1454.0,4,2,2,8,Potential Loyalists
C00399,24,6,3226.0,4,5,5,14,Champions
C00400,52,3,1612.0,2,2,3,7,Potential Loyalists
C00401,35,3,1965.0,3,2,3,8,Potential Loyalists
C00402,1,3,1787.0,5,2,3,10,Loyal Customers
C00403,6,6,4089.0,5,5,5,15,Champions
C00404,97,4,1932.0,1,3,3,7,Potential Loyalists
C00405,11,2,787.0,4,1,1,6,At Risk
C00406,1,6,4024.0,5,5,5,15,Champions
C00407,46,6,2903.0,2,5,5,12,Loyal Customers
C00408,5,4,1823.0,5,3,3,11,Loyal Customers
C00409,38,3,2200.0,3,2,4,9,Potential Loyalists
C00410,19,4,1788.0,4,3,3,10,Loyal Customers
C00411,152,1,716.0,1,1,1,3,Hibernating
C00412,36,9,4741.0,3,5,5,13,Champions
C00413,31,2,705.0,3,1,1,5,At Risk
C00414,47,3,1672.0,2,2,3,7,Potential Loyalists
C00415,1,3,1246.0,5,2,2,9,Potential Loyalists
C00416,91,2,2057.0,1,1,3,5,At Risk
C00417,1,2,974.0,5,1,1,7,Potential Loyalists
C00418,100,2,1303.0,1,1,2,4,Hibernating
C00419,34,2,871.0,3,1,1,5,At Risk
C00420,57,4,1766.0,2,3,3,8,Potential Loyalists
C00421,31,4,2186.0,3,3,4,10,Loyal Customers
C00422,17,5,3200.0,4,4,5,13,Champions
C00423,52,2,844.0,2,1,1,4,Hibernating
C00424,138,1,386.0,1,1,1,3,Hibernating
C00425,90,3,1269.0,1,2,2,5,At Risk
C00426,60,8,3472.0,2,5,5,12,Loyal Customers
C00427,111,1,666.0,1,1,1,3,Hibernating
C00428,37,3,1556.0,3,2,2,7,Potential Loyalists
C00429,129,1,305.0,1,1,1,3,Hibernating
C00430,34,7,3634.0,3,5,5,13,Champions
C00431,57,4,2205.0,2,3,4,9,Potential Loyalists
C00432,4,6,3076.0,5,5,5,15,Champions
C00433,18,4,2125.0,4,3,3,10,Loyal Customers
C00434,121,2,1234.0,1,1,2,4,Hibernating
C00435,163,2,1440.0,1,1,2,4,Hibernating
C00436,10,3,1275.0,5,2,2,9,Potential Loyalists
C00437,63,4,1801.0,2,3,3,8,Potential Loyalists
C00438,89,4,1893.0,1,3,3,7,Potential Loyalists
C00439,20,3,1164.0,4,2,2,8,Potential Loyalists
C00440,13,3,1181.0,4,2,2,8,Potential Loyalists
C00441,59,3,1787.0,2,2,3,7,Potential Loyalists
C00442,75,1,638.0,1,1,1,3,Hibernating
C00443,71,4,1805.0,2,3,3,8,Potential Loyalists
C00444,21,4,1837.0,4,3,3,10,Loyal Customers
C00445,14,2,972.0,4,1,1,6,At Risk
C00446,66,3,2088.0,2,2,3,7,Potential Loyalists
C00447,40,7,5170.0,3,5,5,13,Champions
C00448,43,2,933.0,3,1,1,5,At Risk
C00449,1,4,1818.0,5,3,3,11,Loyal Customers
C00450,3,7,4070.0,5,5,5,15,Champions
C00451,22,7,3716.0,4,5,5,14,Champions
C00452,26,5,3119.0,3,4,5,12,Loyal Customers
C00453,24,4,1808.0,4,3,3,10,Loyal Customers
C00454,123,4,2489.0,1,3,4,8,Potential Loyalists
C00455,72,2,824.0,2,1,1,4,Hibernating
C00456,123,3,1110.0,1,2,2,5,At Risk
C00457,46,5,3799.0,2,4,5,11,Loyal Customers
C00458,30,3,1395.0,3,2,2,7,Potential Loyalists
C00459,6,6,2870.0,5,5,5,15,Champions
C00460,25,6,2710.0,3,5,4,12,Loyal Customers
C00461,38,4,1663.0,3,3,3,9,Potential Loyalists
C00462,1,8,3726.0,5,5,5,15,Champions
C00463,164,1,479.0,1,1,1,3,Hibernating
C00464,79,2,382.0,1,1,1,3,Hibernating
C00465,7,6,3935.0,5,5,5,15,Champions
C00466,2,3,1270.0,5,2,2,9,Potential Loyalists
C00467,1,6,3091.0,5,5,5,15,Champions
C00468,131,2,1106.0,1,1,2,4,Hibernating
C00469,49,4,2295.0,2,3,4,9,Potential Loyalists
C00470,163,1,364.0,1,1,1,3,Hibernating
C00471,15,2,1223.0,4,1,2,7,Potential Loyalists
C00472,43,2,1482.0,3,1,2,6,At Risk
C00473,10,6,2156.0,5,5,4,14,Champions
C00474,35,4,2072.0,3,3,3,9,Potential Loyalists
C00475,38,6,2368.0,3,5,4,12,Loyal Customers
C00476,30,3,1403.0,3,2,2,7,Potential Loyalists
C00477,5,5,2562.0,5,4,4,13,Champions
C00478,47,1,336.0,2,1,1,4,Hibernating
C00479,9,4,2172.0,5,3,4,12,Loyal Customers
C00480,53,4,1391.0,2,3,2,7,Potential Loyalists
C00481,8,4,1495.0,5,3,2,10,Loyal Customers
C00482,93,2,1334.0,1,1,2,4,Hibernating
C00483,7,3,2039.0,5,2,3,10,Loyal Customers
C00484,38,5,2160.0,3,4,4,11,Loyal Customers
C00485,132,4,1901.0,1,3,3,7,Potential Loyalists
C00486,135,3,1168.0,1,2,2,5,At Risk
C00487,94,1,361.0,1,1,1,3,Hibernating
C00488,3,3,2132.0,5,2,3,10,Loyal Customers
C00489,39,5,2550.0,3,4,4,11,Loyal Customers
C00490,152,1,647.0,1,1,1,3,Hibernating
C00491,65,7,3443.0,2,5,5,12,Loyal Customers
C00492,11,4,2198.0,4,3,4,11,Loyal Customers
C00493,118,3,1222.0,1,2,2,5,At Risk
C00494,48,4,2479.0,2,3,4,9,Potential Loyalists
C00495,51,4,1377.0,2,3,2,7,Potential Loyalists
C00496,87,2,1026.0,1,1,1,3,Hibernating
C00497,4,9,4514.0,5,5,5,15,Champions
C00498,28,6,2904.0,3,5,5,13,Champions
C00499,36,1,929.0,3,1,1,5,At Risk
C00500,31,2,1496.0,3,1,2,6,At Risk
C00501,6,5,2566.0,5,4,4,13,Champions
C00502,107,1,650.0,1,1,1,3,Hibernating
C00503,69,3,750.0,2,2,1,5,At Risk
C00504,104,4,1978.0,1,3,3,7,Potential Loyalists
C00505,27,5,2443.0,3,4,4,11,Loyal Customers
C00506,67,1,540.0,2,1,1,4,Hibernating
C00507,52,7,3397.0,2,5,5,12,Loyal Customers
C00508,19,5,2366.0,4,4,4,12,Loyal Customers
C00509,21,6,4298.0,4,5,5,14,Champions
C00510,98,2,1225.0,1,1,2,4,Hibernating
C00511,97,5,1898.0,1,4,3,8,Potential Loyalists
C00512,122,4,2017.0,1,3,3,7,Potential Loyalists
C00513,7,4,1615.0,5,3,3,11,Loyal Customers
C00514,36,3,1479.0,3,2,2,7,Potential Loyalists
C00515,5,5,2094.0,5,4,3,12,Loyal Customers
C00516,2,5,2839.0,5,4,5,14,Champions
C00517,39,2,1379.0,3,1,2,6,At Risk
C00518,15,4,3471.0,4,3,5,12,Loyal Customers
C00519,22,7,3588.0,4,5,5,14,Champions
C00521,10,3,1358.0,5,2,2,9,Potential Loyalists
C00523,77,9,3683.0,1,5,5,11,Loyal Customers
C00524,53,5,2547.0,2,4,4,10,Loyal Customers
C00525,1,8,3821.0,5,5,5,15,Champions
C00526,80,3,1306.0,1,2,2,5,At Risk
C00528,28,2,1032.0,3,1,1,5,At Risk
C00529,68,4,1961.0,2,3,3,8,Potential Loyalists
C00530,47,5,2564.0,2,4,4,10,Loyal Customers
C00531,4,7,4291.0,5,5,5,15,Champions
C00532,65,6,2623.0,2,5,4,11,Loyal Customers
C00533,36,4,1291.0,3,3,2,8,Potential Loyalists
C00534,9,5,2053.0,5,4,3,12,Loyal Customers
C00535,128,2,766.0,1,1,1,3,Hibernating
C00536,17,1,426.0,4,1,1,6,At Risk
C00537,3,2,1601.0,5,1,3,9,Potential Loyalists
C00538,58,3,2276.0,2,2,4,8,Potential Loyalists
C00539,11,4,1997.0,4,3,3,10,Loyal Customers
C00540,7,5,1988.0,5,4,3,12,Loyal Customers
C00541,48,4,2541.0,2,3,4,9,Potential Loyalists
C00542,17,3,997.0,4,2,1,7,Potential Loyalists
C00543,6,6,2599.0,5,5,4,14,Champions
C00545,17,6,3218.0,4,5,5,14,Champions
C00546,39,5,3346.0,3,4,5,12,Loyal Customers
C00547,10,6,2286.0,5,5,4,14,Champions
C00548,87,4,1775.0,1,3,3,7,Potential Loyalists
C00549,100,4,2165.0,1,3,4,8,Potential Loyalists
C00550,47,3,1555.0,2,2,2,6,At Risk
C00551,85,5,2054.0,1,4,3,8,Potential Loyalists
C00552,6,5,2477.0,5,4,4,13,Champions
C00553,16,4,1992.0,4,3,3,10,Loyal Customers
C00554,4,4,1559.0,5,3,2,10,Loyal Customers
C00555,20,3,1116.0,4,2,2,8,Potential Loyalists
C00556,61,4,2198.0,2,3,4,9,Potential Loyalists
C00557,34,4,1708.0,3,3,3,9,Potential Loyalists
C00558,21,3,1410.0,4,2,2,8,Potential Loyalists
C00559,89,3,1930.0,1,2,3,6,At Risk
C00560,37,4,2051.0,3,3,3,9,Potential Loyalists
C00561,29,5,3278.0,3,4,5,12,Loyal Customers
C00562,147,1,353.0,1,1,1,3,Hibernating
C00563,159,1,575.0,1,1,1,3,Hibernating
C00564,35,5,2319.0,3,4,4,11,Loyal Customers
C00565,39,3,1490.0,3,2,2,7,Potential Loyalists
C00566,3,6,3836.0,5,5,5,15,Champions
C00568,36,6,3214.0,3,5,5,13,Champions
C00569,72,4,2015.0,2,3,3,8,Potential Loyalists
C00570,8,4,2473.0,5,3,4,12,Loyal Customers
C00571,24,5,2027.0,4,4,3,11,Loyal Customers
C00572,0,3,2189.0,5,2,4,11,Loyal Customers
C00573,34,4,2379.0,3,3,4,10,Loyal Customers
C00574,145,1,463.0,1,1,1,3,Hibernating
C00575,76,6,3549.0,1,5,5,11,Loyal Customers
C00576,140,3,1820.0,1,2,3,6,At Risk
C00577,71,1,926.0,2,1,1,4,Hibernating
C00578,40,5,2980.0,3,4,5,12,Loyal Customers
C00579,14,7,3526.0,4,5,5,14,Champions
C00580,27,6,3132.0,3,5,5,13,Champions
C00581,59,3,1719.0,2,2,3,7,Potential Loyalists
C00582,62,4,1944.0,2,3,3,8,Potential Loyalists
C00583,29,6,2322.0,3,5,4,12,Loyal Customers
C00584,4,6,3178.0,5,5,5,15,Champions
C00585,9,5,2380.0,5,4,4,13,Champions
C00586,45,2,1096.0,2,1,2,5,At Risk
C00587,24,2,528.0,4,1,1,6,At Risk
C00588,30,4,1922.0,3,3,3,9,Potential Loyalists
C00589,120,2,974.0,1,1,1,3,Hibernating
C00590,18,4,2640.0,4,3,4,11,Loyal Customers
C00591,5,2,959.0,5,1,1,7,Potential Loyalists
C00592,80,6,3313.0,1,5,5,11,Loyal Customers
C00593,65,5,2610.0,2,4,4,10,Loyal Customers
C00594,51,1,215.0,2,1,1,4,Hibernating
C00595,9,3,1503.0,5,2,2,9,Potential Loyalists
C00596,8,3,2035.0,5,2,3,10,Loyal Customers
C00597,39,3,1772.0,3,2,3,8,Potential Loyalists
C00598,44,3,1148.0,2,2,2,6,At Risk
C00599,76,3,1285.0,1,2,2,5,At Risk
C00600,68,4,1453.0,2,3,2,7,Potential Loyalists
C00601,112,4,2284.0,1,3,4,8,Potential Loyalists
C00602,21,8,4818.0,4,5,5,14,Champions
C00603,8,7,3701.0,5,5,5,15,Champions
C00604,123,4,2135.0,1,3,4,8,Potential Loyalists
C00605,13,5,2235.0,4,4,4,12,Loyal Customers
C00606,12,4,2139.0,4,3,4,11,Loyal Customers
C00607,14,1,626.0,4,1,1,6,At Risk
C00608,32,3,1680.0,3,2,3,8,Potential Loyalists
C00609,25,1,445.0,3,1,1,5,At Risk
C00610,19,2,1111.0,4,1,2,7,Potential Loyalists
C00611,11,4,2463.0,4,3,4,11,Loyal Customers
C00612,83,3,1355.0,1,2,2,5,At Risk
C00613,9,5,2104.0,5,4,3,12,Loyal Customers
C00614,0,6,2622.0,5,5,4,14,Champions
C00615,35,3,2087.0,3,2,3,8,Potential Loyalists
C00616,56,2,1493.0,2,1,2,5,At Risk
C00617,41,5,2480.0,3,4,4,11,Loyal Customers
C00618,0,9,4756.0,5,5,5,15,Champions
C00619,43,2,793.0,3,1,1,5,At Risk
C00620,58,4,2791.0,2,3,4,9,Potential Loyalists
C00621,20,8,3716.0,4,5,5,14,Champions
C00622,25,3,1595.0,3,2,2,7,Potential Loyalists
C00623,43,5,2474.0,3,4,4,11,Loyal Customers
C00624,16,8,3181.0,4,5,5,14,Champions
C00625,3,4,1976.0,5,3,3,11,Loyal Customers
C00626,53,5,2582.0,2,4,4,10,Loyal Customers
C00627,0,5,2519.0,5,4,4,13,Champions
C00628,37,3,988.0,3,2,1,6,At Risk
C00629,6,4,2545.0,5,3,4,12,Loyal Customers
C00630,22,7,2724.0,4,5,4,13,Champions
C00631,87,1,568.0,1,1,1,3,Hibernating
C00632,122,3,1310.0,1,2,2,5,At Risk
C00633,83,3,1882.0,1,2,3,6,At Risk
C00634,29,3,1313.0,3,2,2,7,Potential Loyalists
C00635,4,5,2266.0,5,4,4,13,Champions
C00636,56,2,1450.0,2,1,2,5,At Risk
C00637,15,9,4475.0,4,5,5,14,Champions
C00638,3,6,2902.0,5,5,5,15,Champions
C00639,77,8,3834.0,1,5,5,11,Loyal Customers
C00640,129,2,902.0,1,1,1,3,Hibernating
C00641,76,2,828.0,1,1,1,3,Hibernating
C00642,18,3,1868.0,4,2,3,9,Potential Loyalists
C00643,36,2,1315.0,3,1,2,6,At Risk
C00644,5,4,2616.0,5,3,4,12,Loyal Customers
C00645,30,4,2302.0,3,3,4,10,Loyal Customers
C00646,107,2,1084.0,1,1,2,4,Hibernating
C00647,43,2,849.0,3,1,1,5,At Risk
C00648,68,3,1298.0,2,2,2,6,At Risk
C00649,5,3,2039.0,5,2,3,10,Loyal Customers
C00650,78,5,2416.0,1,4,4,9,Potential Loyalists
C00651,61,4,1581.0,2,3,2,7,Potential Loyalists
C00652,135,3,1494.0,1,2,2,5,At Risk
C00653,34,3,1453.0,3,2,2,7,Potential Loyalists
C00654,38,4,1947.0,3,3,3,9,Potential Loyalists
C00655,4,2,1008.0,5,1,1,7,Potential Loyalists
C00656,113,2,1093.0,1,1,2,4,Hibernating
C00657,6,3,1704.0,5,2,3,10,Loyal Customers
C00658,102,3,1214.0,1,2,2,5,At Risk
C00659,32,3,1176.0,3,2,2,7,Potential Loyalists
C00660,9,4,1533.0,5,3,2,10,Loyal Customers
C00661,30,4,2300.0,3,3,4,10,Loyal Customers
C00662,4,7,4490.0,5,5,5,15,Champions
C00663,82,2,911.0,1,1,1,3,Hibernating
C00664,97,4,2371.0,1,3,4,8,Potential Loyalists
C00665,33,6,3035.0,3,5,5,13,Champions
C00666,46,4,1534.0,2,3,2,7,Potential Loyalists
C00667,4,2,984.0,5,1,1,7,Potential Loyalists
C00668,68,1,340.0,2,1,1,4,Hibernating
C00669,69,3,1162.0,2,2,2,6,At Risk
C00670,93,1,416.0,1,1,1,3,Hibernating
C00671,9,3,1513.0,5,2,2,9,Potential Loyalists
C00672,13,3,1055.0,4,2,2,8,Potential Loyalists
C00673,14,4,2011.0,4,3,3,10,Loyal Customers
C00674,23,2,469.0,4,1,1,6,At Risk
C00675,87,5,2212.0,1,4,4,9,Potential Loyalists
C00676,67,3,1858.0,2,2,3,7,Potential Loyalists
C00677,50,6,2782.0,2,5,4,11,Loyal Customers
C00678,29,5,2494.0,3,4,4,11,Loyal Customers
C00679,5,4,1747.0,5,3,3,11,Loyal Customers
C00680,0,2,793.0,5,1,1,7,Potential Loyalists
C00682,36,4,1622.0,3,3,3,9,Potential Loyalists
C00683,68,4,2049.0,2,3,3,8,Potential Loyalists
C00684,39,3,2102.0,3,2,3,8,Potential Loyalists
C00685,9,6,2910.0,5,5,5,15,Champions
C00686,48,6,3648.0,2,5,5,12,Loyal Customers
C00687,4,1,326.0,5,1,1,7,Potential Loyalists
C00688,74,2,1502.0,2,1,2,5,At Risk
C00689,38,2,759.0,3,1,1,5,At Risk
C00690,14,5,2441.0,4,4,4,12,Loyal Customers
C00691,128,4,1645.0,1,3,3,7,Potential Loyalists
C00692,114,2,1221.0,1,1,2,4,Hibernating
C00693,33,3,1584.0,3,2,2,7,Potential Loyalists
C00694,23,6,3367.0,4,5,5,14,Champions
C00695,13,3,1053.0,4,2,2,8,Potential Loyalists
C00696,3,2,485.0,5,1,1,7,Potential Loyalists
C00697,69,1,657.0,2,1,1,4,Hibernating
C00698,9,3,1327.0,5,2,2,9,Potential Loyalists
C00699,10,5,2577.0,5,4,4,13,Champions
C00700,27,2,956.0,3,1,1,5,At Risk
C00701,44,4,1910.0,2,3,3,8,Potential Loyalists
C00702,0,6,2380.0,5,5,4,14,Champions
C00703,22,3,1271.0,4,2,2,8,Potential Loyalists
C00704,65,3,2056.0,2,2,3,7,Potential Loyalists
C00705,31,5,2549.0,3,4,4,11,Loyal Customers
C00706,10,5,3402.0,5,4,5,14,Champions
C00707,2,7,3888.0,5,5,5,15,Champions
C00708,72,4,2011.0,2,3,3,8,Potential Loyalists
C00709,117,2,897.0,1,1,1,3,Hibernating
C00710,35,2,1040.0,3,1,1,5,At Risk
C00711,5,2,812.0,5,1,1,7,Potential Loyalists
C00712,17,5,2571.0,4,4,4,12,Loyal Customers
C00713,15,5,2777.0,4,4,4,12,Loyal Customers
C00714,35,2,1341.0,3,1,2,6,At Risk
C00715,60,4,1722.0,2,3,3,8,Potential Loyalists
C00716,69,5,2870.0,2,4,5,11,Loyal Customers
C00717,22,4,2874.0,4,3,5,12,Loyal Customers
C00718,2,3,1845.0,5,2,3,10,Loyal Customers
C00719,34,7,2663.0,3,5,4,12,Loyal Customers
C00720,8,1,484.0,5,1,1,7,Potential Loyalists
C00721,49,2,744.0,2,1,1,4,Hibernating
C00722,20,5,3048.0,4,4,5,13,Champions
C00723,1,1,402.0,5,1,1,7,Potential Loyalists
C00724,0,2,827.0,5,1,1,7,Potential Loyalists
C00725,51,4,2113.0,2,3,3,8,Potential Loyalists
C00726,17,2,720.0,4,1,1,6,At Risk
C00727,14,5,3535.0,4,4,5,13,Champions
C00728,2,4,2758.0,5,3,4,12,Loyal Customers
C00729,73,2,1417.0,2,1,2,5,At Risk
C00730,32,6,3460.0,3,5,5,13,Champions
C00731,66,4,2621.0,2,3,4,9,Potential Loyalists
C00732,107,4,1797.0,1,3,3,7,Potential Loyalists
C00733,33,4,1462.0,3,3,2,8,Potential Loyalists
C00734,30,3,1277.0,3,2,2,7,Potential Loyalists
C00735,135,3,1352.0,1,2,2,5,At Risk
C00736,6,6,2676.0,5,5,4,14,Champions
C00737,39,6,3959.0,3,5,5,13,Champions
C00738,0,3,1666.0,5,2,3,10,Loyal Customers
C00739,54,3,1299.0,2,2,2,6,At Risk
C00741,146,1,771.0,1,1,1,3,Hibernating
C00742,1,6,3735.0,5,5,5,15,Champions
C00743,50,3,1641.0,2,2,3,7,Potential Loyalists
C00744,12,8,3356.0,4,5,5,14,Champions
C00745,16,6,3152.0,4,5,5,14,Champions
C00746,7,5,2502.0,5,4,4,13,Champions
C00747,123,3,1478.0,1,2,2,5,At Risk
C00748,19,3,1243.0,4,2,2,8,Potential Loyalists
C00749,12,5,2471.0,4,4,4,12,Loyal Customers
C00750,57,4,1486.0,2,3,2,7,Potential Loyalists
C00751,41,4,1746.0,3,3,3,9,Potential Loyalists
C00752,14,4,1316.0,4,3,2,9,Potential Loyalists
C00753,75,5,3349.0,1,4,5,10,Loyal Customers
C00754,6,2,1078.0,5,1,2,8,Potential Loyalists
C00756,28,6,2566.0,3,5,4,12,Loyal Customers
C00757,13,6,2388.0,4,5,4,13,Champions
C00758,44,3,2184.0,2,2,4,8,Potential Loyalists
C00759,74,1,463.0,2,1,1,4,Hibernating
C00760,19,2,1098.0,4,1,2,7,Potential Loyalists
C00761,67,5,2881.0,2,4,5,11,Loyal Customers
C00762,29,2,857.0,3,1,1,5,At Risk
C00763,17,5,2618.0,4,4,4,12,Loyal Customers
C00764,54,2,776.0,2,1,1,4,Hibernating
C00765,73,8,4542.0,2,5,5,12,Loyal Customers
C00766,126,2,821.0,1,1,1,3,Hibernating
C00767,8,3,1070.0,5,2,2,9,Potential Loyalists
C00768,50,3,1386.0,2,2,2,6,At Risk
C00769,0,3,1668.0,5,2,3,10,Loyal Customers
C00770,7,4,2503.0,5,3,4,12,Loyal Customers
C00771,0,3,1215.0,5,2,2,9,Potential Loyalists
C00772,59,1,538.0,2,1,1,4,Hibernating
C00773,63,4,1445.0,2,3,2,7,Potential Loyalists
C00774,17,7,2569.0,4,5,4,13,Champions
C00775,23,5,1959.0,4,4,3,11,Loyal Customers
C00776,6,5,1845.0,5,4,3,12,Loyal Customers
C00777,1,2,1048.0,5,1,2,8,Potential Loyalists
C00778,98,3,1248.0,1,2,2,5,At Risk
C00779,10,5,2967.0,5,4,5,14,Champions
C00780,96,5,2977.0,1,4,5,10,Loyal Customers
C00781,15,4,2738.0,4,3,4,11,Loyal Customers
C00782,34,2,1187.0,3,1,2,6,At Risk
C00783,5,10,4803.0,5,5,5,15,Champions
C00784,36,2,994.0,3,1,1,5,At Risk
C00785,59,4,1525.0,2,3,2,7,Potential Loyalists
C00786,7,4,2222.0,5,3,4,12,Loyal Customers
C00787,52,4,2882.0,2,3,5,10,Loyal Customers
C00788,47,3,1324.0,2,2,2,6,At Risk
C00789,31,4,1889.0,3,3,3,9,Potential Loyalists
C00790,9,6,3860.0,5,5,5,15,Champions
C00791,6,2,1235.0,5,1,2,8,Potential Loyalists
C00792,59,3,1372.0,2,2,2,6,At Risk
C00793,103,4,2158.0,1,3,4,8,Potential Loyalists
C00794,1,4,1783.0,5,3,3,11,Loyal Customers
C00795,38,3,1333.0,3,2,2,7,Potential Loyalists
C00796,16,6,2681.0,4,5,4,13,Champions
C00797,113,1,605.0,1,1,1,3,Hibernating
C00798,27,9,5039.0,3,5,5,13,Champions
C00799,26,5,2465.0,3,4,4,11,Loyal Customers
C00800,44,1,511.0,2,1,1,4,Hibernating
C00801,19,5,2967.0,4,4,5,13,Champions
C00802,32,2,1074.0,3,1,2,6,At Risk
C00803,85,3,1716.0,1,2,3,6,At Risk
C00804,37,3,1455.0,3,2,2,7,Potential Loyalists
C00805,34,4,1896.0,3,3,3,9,Potential Loyalists
C00806,14,4,1488.0,4,3,2,9,Potential Loyalists
C00807,28,4,2286.0,3,3,4,10,Loyal Customers
C00808,96,3,993.0,1,2,1,4,Hibernating
C00809,38,4,3063.0,3,3,5,11,Loyal Customers
C00810,21,4,1900.0,4,3,3,10,Loyal Customers
C00811,39,5,2055.0,3,4,3,10,Loyal Customers
C00812,24,5,1924.0,4,4,3,11,Loyal Customers
C00813,22,1,708.0,4,1,1,6,At Risk
C00814,12,6,2939.0,4,5,5,14,Champions
C00815,5,5,2279.0,5,4,4,13,Champions
C00816,6,8,4367.0,5,5,5,15,Champions
C00817,96,1,430.0,1,1,1,3,Hibernating
C00818,45,3,1851.0,2,2,3,7,Potential Loyalists
C00819,14,3,1919.0,4,2,3,9,Potential Loyalists
C00820,11,4,2416.0,4,3,4,11,Loyal Customers
C00821,5,6,3341.0,5,5,5,15,Champions
C00822,32,3,1653.0,3,2,3,8,Potential Loyalists
C00823,15,4,1826.0,4,3,3,10,Loyal Customers
C00824,5,4,1956.0,5,3,3,11,Loyal Customers
C00825,15,2,938.0,4,1,1,6,At Risk
C00826,15,3,1748.0,4,2,3,9,Potential Loyalists
C00827,167,1,675.0,1,1,1,3,Hibernating
C00828,15,5,2463.0,4,4,4,12,Loyal Customers
C00829,37,1,745.0,3,1,1,5,At Risk
C00830,67,3,1508.0,2,2,2,6,At Risk
C00831,14,9,4406.0,4,5,5,14,Champions
C00832,48,2,726.0,2,1,1,4,Hibernating
C00833,131,1,421.0,1,1,1,3,Hibernating
C00834,4,5,2287.0,5,4,4,13,Champions
C00835,64,6,2457.0,2,5,4,11,Loyal Customers
C00836,28,5,1832.0,3,4,3,10,Loyal Customers
C00837,133,1,301.0,1,1,1,3,Hibernating
C00838,73,4,2194.0,2,3,4,9,Potential Loyalists
C00839,61,5,2687.0,2,4,4,10,Loyal Customers
C00840,9,5,1985.0,5,4,3,12,Loyal Customers
C00841,20,7,3709.0,4,5,5,14,Champions
C00842,8,6,3116.0,5,5,5,15,Champions
C00843,108,1,754.0,1,1,1,3,Hibernating
C00845,34,5,2540.0,3,4,4,11,Loyal Customers
C00846,15,7,3071.0,4,5,5,14,Champions
C00847,49,2,1255.0,2,1,2,5,At Risk
C00848,11,2,1390.0,4,1,2,7,Potential Loyalists
C00849,74,2,948.0,2,1,1,4,Hibernating
C00850,40,4,2295.0,3,3,4,10,Loyal Customers
C00851,29,6,2369.0,3,5,4,12,Loyal Customers
C00852,66,1,587.0,2,1,1,4,Hibernating
C00853,51,5,2887.0,2,4,5,11,Loyal Customers
C00854,99,3,1272.0,1,2,2,5,At Risk
C00855,95,3,1531.0,1,2,2,5,At Risk
C00856,79,3,1275.0,1,2,2,5,At Risk
C00857,50,4,2221.0,2,3,4,9,Potential Loyalists
C00858,24,3,1691.0,4,2,3,9,Potential Loyalists
C00859,77,2,1061.0,1,1,2,4,Hibernating
C00860,1,2,1037.0,5,1,1,7,Potential Loyalists
C00861,29,6,3323.0,3,5,5,13,Champions
C00862,12,3,1773.0,4,2,3,9,Potential Loyalists
C00863,97,2,1100.0,1,1,2,4,Hibernating
C00866,164,1,371.0,1,1,1,3,Hibernating
C00867,65,3,1228.0,2,2,2,6,At Risk
C00868,16,6,3199.0,4,5,5,14,Champions
C00869,26,6,2567.0,3,5,4,12,Loyal Customers
C00870,45,2,706.0,2,1,1,4,Hibernating
C00871,10,5,1729.0,5,4,3,12,Loyal Customers
C00872,31,5,3042.0,3,4,5,12,Loyal Customers
C00873,22,3,1266.0,4,2,2,8,Potential Loyalists
C00874,69,4,1427.0,2,3,2,7,Potential Loyalists
C00876,6,9,4589.0,5,5,5,15,Champions
C00877,13,7,3233.0,4,5,5,14,Champions
C00878,0,5,2568.0,5,4,4,13,Champions
C00879,5,3,1712.0,5,2,3,10,Loyal Customers
C00880,102,1,609.0,1,1,1,3,Hibernating
C00881,12,3,1065.0,4,2,2,8,Potential Loyalists
C00882,33,6,2707.0,3,5,4,12,Loyal Customers
C00883,3,7,3805.0,5,5,5,15,Champions
C00884,1,5,2259.0,5,4,4,13,Champions
C00885,157,1,1104.0,1,1,2,4,Hibernating
C00886,13,5,2949.0,4,4,5,13,Champions
C00887,13,2,1252.0,4,1,2,7,Potential Loyalists
C00888,50,3,1378.0,2,2,2,6,At Risk
C00889,31,3,1061.0,3,2,2,7,Potential Loyalists
C00890,46,4,2410.0,2,3,4,9,Potential Loyalists
C00891,119,2,724.0,1,1,1,3,Hibernating
C00892,23,6,3276.0,4,5,5,14,Champions
C00893,16,2,796.0,4,1,1,6,At Risk
C00894,25,6,2642.0,3,5,4,12,Loyal Customers
C00895,96,2,1116.0,1,1,2,4,Hibernating
C00896,2,9,5237.0,5,5,5,15,Champions
C00897,65,1,396.0,2,1,1,4,Hibernating
C00898,6,8,3350.0,5,5,5,15,Champions
C00899,63,5,2545.0,2,4,4,10,Loyal Customers
C00900,10,5,2027.0,5,4,3,12,Loyal Customers
C00901,3,7,4018.0,5,5,5,15,Champions
C00902,117,1,618.0,1,1,1,3,Hibernating
C00903,129,2,1021.0,1,1,1,3,Hibernating
C00904,11,3,1482.0,4,2,2,8,Potential Loyalists
C00905,9,5,2494.0,5,4,4,13,Champions
C00906,9,3,1291.0,5,2,2,9,Potential Loyalists
C00907,34,4,2210.0,3,3,4,10,Loyal Customers
C00908,39,6,2674.0,3,5,4,12,Loyal Customers
C00909,23,3,1429.0,4,2,2,8,Potential Loyalists
C00910,29,3,1845.0,3,2,3,8,Potential Loyalists
C00911,13,5,2829.0,4,4,5,13,Champions
C00912,171,1,225.0,1,1,1,3,Hibernating
C00913,33,3,1511.0,3,2,2,7,Potential Loyalists
C00914,1,4,1466.0,5,3,2,10,Loyal Customers
C00915,37,2,856.0,3,1,1,5,At Risk
C00916,177,1,837.0,1,1,1,3,Hibernating
C00917,74,4,2304.0,2,3,4,9,Potential Loyalists
C00918,5,3,1690.0,5,2,3,10,Loyal Customers
C00919,7,4,2796.0,5,3,4,12,Loyal Customers
C00920,35,4,1898.0,3,3,3,9,Potential Loyalists
C00921,7,4,1900.0,5,3,3,11,Loyal Customers
C00922,8,7,3444.0,5,5,5,15,Champions
C00923,5,1,531.0,5,1,1,7,Potential Loyalists
C00924,6,6,2337.0,5,5,4,14,Champions
C00925,7,4,2284.0,5,3,4,12,Loyal Customers
C00926,43,2,832.0,3,1,1,5,At Risk
C00927,32,1,461.0,3,1,1,5,At Risk
C00928,25,3,1328.0,3,2,2,7,Potential Loyalists
C00929,112,1,390.0,1,1,1,3,Hibernating
C00930,28,3,1492.0,3,2,2,7,Potential Loyalists
C00931,0,7,2947.0,5,5,5,15,Champions
C00932,2,4,1941.0,5,3,3,11,Loyal Customers
C00933,70,3,1262.0,2,2,2,6,At Risk
C00934,46,4,2191.0,2,3,4,9,Potential Loyalists
C00936,25,4,1668.0,3,3,3,9,Potential Loyalists
C00937,5,5,2914.0,5,4,5,14,Champions
C00938,13,5,2471.0,4,4,4,12,Loyal Customers
C00939,149,1,313.0,1,1,1,3,Hibernating
C00940,14,4,2065.0,4,3,3,10,Loyal Customers
C00941,47,1,264.0,2,1,1,4,Hibernating
C00942,39,3,1129.0,3,2,2,7,Potential Loyalists
C00943,78,2,636.0,1,1,1,3,Hibernating
C00944,91,2,868.0,1,1,1,3,Hibernating
C00945,87,4,1560.0,1,3,2,6,At Risk
C00946,47,1,793.0,2,1,1,4,Hibernating
C00947,87,2,950.0,1,1,1,3,Hibernating
C00948,12,5,3119.0,4,4,5,13,Champions
C00949,159,1,568.0,1,1,1,3,Hibernating
C00950,2,4,1435.0,5,3,2,10,Loyal Customers
C00951,19,3,1132.0,4,2,2,8,Potential Loyalists
C00952,64,4,1527.0,2,3,2,7,Potential Loyalists
C00953,89,4,1481.0,1,3,2,6,At Risk
C00954,40,3,1594.0,3,2,2,7,Potential Loyalists
C00955,15,5,1939.0,4,4,3,11,Loyal Customers
C00956,3,4,2916.0,5,3,5,13,Champions
C00957,24,7,3889.0,4,5,5,14,Champions
C00958,8,4,1757.0,5,3,3,11,Loyal Customers
C00959,14,7,3411.0,4,5,5,14,Champions
C00960,18,1,372.0,4,1,1,6,At Risk
C00961,9,7,4774.0,5,5,5,15,Champions
C00962,13,6,2425.0,4,5,4,13,Champions
C00963,76,2,1068.0,1,1,2,4,Hibernating
C00964,5,5,2337.0,5,4,4,13,Champions
C00965,25,6,2902.0,3,5,5,13,Champions
C00966,32,3,1508.0,3,2,2,7,Potential Loyalists
C00967,36,1,480.0,3,1,1,5,At Risk
C00969,22,3,1508.0,4,2,2,8,Potential Loyalists
C00970,22,7,2494.0,4,5,4,13,Champions
C00971,125,3,1737.0,1,2,3,6,At Risk
C00972,34,4,1692.0,3,3,3,9,Potential Loyalists
C00973,8,7,4901.0,5,5,5,15,Champions
C00974,81,1,330.0,1,1,1,3,Hibernating
C00975,55,2,1302.0,2,1,2,5,At Risk
C00976,72,4,2186.0,2,3,4,9,Potential Loyalists
C00977,6,4,1808.0,5,3,3,11,Loyal Customers
C00978,5,1,453.0,5,1,1,7,Potential Loyalists
C00979,1,3,1660.0,5,2,3,10,Loyal Customers
C00980,0,4,2102.0,5,3,3,11,Loyal Customers
C00981,47,3,1227.0,2,2,2,6,At Risk
C00982,60,8,4056.0,2,5,5,12,Loyal Customers
C00983,11,3,1514.0,4,2,2,8,Potential Loyalists
C00984,8,6,2060.0,5,5,3,13,Champions
C00985,16,5,2696.0,4,4,4,12,Loyal Customers
C00986,62,3,2297.0,2,2,4,8,Potential Loyalists
C00987,33,2,674.0,3,1,1,5,At Risk
C00988,27,5,2129.0,3,4,3,10,Loyal Customers
C00989,72,2,1073.0,2,1,2,5,At Risk
C00990,7,5,2481.0,5,4,4,13,Champions
C00991,9,3,1066.0,5,2,2,9,Potential Loyalists
C00992,95,2,893.0,1,1,1,3,Hibernating
C00993,11,5,3010.0,4,4,5,13,Champions
C00994,73,3,1350.0,2,2,2,6,At Risk
C00996,70,3,1036.0,2,2,1,5,At Risk
C00997,6,5,2307.0,5,4,4,13,Champions
C00998,35,6,4039.0,3,5,5,13,Champions
C00999,17,7,3479.0,4,5,5,14,Champions
C01000,90,2,1418.0,1,1,2,4,Hibernating
C01001,32,2,785.0,3,1,1,5,At Risk
C01002,0,5,2722.0,5,4,4,13,Champions
C01003,74,6,4380.0,2,5,5,12,Loyal Customers
C01004,18,8,4942.0,4,5,5,14,Champions
C01005,74,2,1168.0,2,1,2,5,At Risk
C01006,92,3,1797.0,1,2,3,6,At Risk
C01007,9,5,2031.0,5,4,3,12,Loyal Customers
C01008,2,6,3574.0,5,5,5,15,Champions
C01009,64,3,1281.0,2,2,2,6,At Risk
C01010,75,4,2557.0,1,3,4,8,Potential Loyalists
C01011,47,2,1297.0,2,1,2,5,At Risk
C01012,8,7,3587.0,5,5,5,15,Champions
C01013,36,4,2958.0,3,3,5,11,Loyal Customers
C01014,53,3,1551.0,2,2,2,6,At Risk
C01015,11,5,3237.0,4,4,5,13,Champions
C01016,75,4,2064.0,1,3,3,7,Potential Loyalists
C01017,35,7,3541.0,3,5,5,13,Champions
C01018,40,5,2681.0,3,4,4,11,Loyal Customers
C01019,134,2,1076.0,1,1,2,4,Hibernating
C01020,94,3,1742.0,1,2,3,6,At Risk
C01021,2,7,3591.0,5,5,5,15,Champions
C01022,65,2,978.0,2,1,1,4,Hibernating
C01023,67,4,2381.0,2,3,4,9,Potential Loyalists
C01024,3,2,954.0,5,1,1,7,Potential Loyalists
C01025,35,1,399.0,3,1,1,5,At Risk
C01026,85,2,1337.0,1,1,2,4,Hibernating
C01027,112,5,2241.0,1,4,4,9,Potential Loyalists
C01028,18,1,841.0,4,1,1,6,At Risk
C01029,4,8,3755.0,5,5,5,15,Champions
C01030,143,2,677.0,1,1,1,3,Hibernating
C01031,28,3,1524.0,3,2,2,7,Potential Loyalists
C01032,136,1,479.0,1,1,1,3,Hibernating
C01033,60,1,468.0,2,1,1,4,Hibernating
C01034,17,3,1498.0,4,2,2,8,Potential Loyalists
C01035,73,3,1765.0,2,2,3,7,Potential Loyalists
C01036,135,3,1170.0,1,2,2,5,At Risk
C01037,48,5,2126.0,2,4,3,9,Potential Loyalists
C01038,46,1,557.0,2,1,1,4,Hibernating
C01039,13,1,443.0,4,1,1,6,At Risk
C01040,80,7,3207.0,1,5,5,11,Loyal Customers
C01041,109,2,697.0,1,1,1,3,Hibernating
C01042,86,3,1172.0,1,2,2,5,At Risk
C01043,22,9,5059.0,4,5,5,14,Champions
C01044,117,1,447.0,1,1,1,3,Hibernating
C01045,2,3,1219.0,5,2,2,9,Potential Loyalists
C01046,18,6,2853.0,4,5,5,14,Champions
C01047,65,4,1755.0,2,3,3,8,Potential Loyalists
C01048,155,2,953.0,1,1,1,3,Hibernating
C01049,43,3,1212.0,3,2,2,7,Potential Loyalists
C01050,5,4,2134.0,5,3,3,11,Loyal Customers
C01051,3,7,3228.0,5,5,5,15,Champions
C01052,40,3,1855.0,3,2,3,8,Potential Loyalists
C01053,81,4,2213.0,1,3,4,8,Potential Loyalists
C01054,11,3,1952.0,4,2,3,9,Potential Loyalists
C01055,57,4,1810.0,2,3,3,8,Potential Loyalists
C01056,4,8,3380.0,5,5,5,15,Champions
C01057,8,6,3423.0,5,5,5,15,Champions
C01058,95,4,1401.0,1,3,2,6,At Risk
C01059,35,5,2823.0,3,4,5,12,Loyal Customers
C01060,0,6,2637.0,5,5,4,14,Champions
C01061,1,12,5206.0,5,5,5,15,Champions
C01062,25,7,3613.0,3,5,5,13,Champions
C01063,54,1,387.0,2,1,1,4,Hibernating
C01064,91,5,2208.0,1,4,4,9,Potential Loyalists
C01065,30,1,802.0,3,1,1,5,At Risk
C01066,20,9,4253.0,4,5,5,14,Champions
C01067,24,8,3994.0,4,5,5,14,Champions
C01068,19,6,2460.0,4,5,4,13,Champions
C01069,32,3,1193.0,3,2,2,7,Potential Loyalists
C01070,15,4,1563.0,4,3,2,9,Potential Loyalists
C01071,68,2,957.0,2,1,1,4,Hibernating
C01072,22,2,1378.0,4,1,2,7,Potential Loyalists
C01073,51,2,1597.0,2,1,3,6,At Risk
C01074,53,2,441.0,2,1,1,4,Hibernating
C01075,29,3,1704.0,3,2,3,8,Potential Loyalists
C01076,10,5,2600.0,5,4,4,13,Champions
C01077,11,6,2683.0,4,5,4,13,Champions
C01078,101,2,1462.0,1,1,2,4,Hibernating
C01079,21,2,917.0,4,1,1,6,At Risk
C01080,55,2,1048.0,2,1,2,5,At Risk
C01081,14,5,3532.0,4,4,5,13,Champions
C01082,34,3,1722.0,3,2,3,8,Potential Loyalists
C01083,63,5,1832.0,2,4,3,9,Potential Loyalists
C01084,35,1,363.0,3,1,1,5,At Risk
C01085,80,4,2043.0,1,3,3,7,Potential Loyalists
C01086,9,3,1074.0,5,2,2,9,Potential Loyalists
C01087,24,6,3033.0,4,5,5,14,Champions
C01088,91,3,971.0,1,2,1,4,Hibernating
C01089,42,3,1798.0,3,2,3,8,Potential Loyalists
C01092,4,5,2315.0,5,4,4,13,Champions
C01093,8,1,273.0,5,1,1,7,Potential Loyalists
C01094,55,4,1589.0,2,3,2,7,Potential Loyalists
C01095,139,2,1011.0,1,1,1,3,Hibernating
C01096,3,5,2017.0,5,4,3,12,Loyal Customers
C01097,7,3,1214.0,5,2,2,9,Potential Loyalists
C01098,1,5,2644.0,5,4,4,13,Champions
C01099,0,4,2310.0,5,3,4,12,Loyal Customers
C01100,44,1,329.0,2,1,1,4,Hibernating
C01101,15,10,5158.0,4,5,5,14,Champions
C01102,5,5,3322.0,5,4,5,14,Champions
C01103,22,2,1315.0,4,1,2,7,Potential Loyalists
C01104,14,2,916.0,4,1,1,6,At Risk
C01105,14,3,1736.0,4,2,3,9,Potential Loyalists
C01106,36,3,1061.0,3,2,2,7,Potential Loyalists
C01107,18,6,2711.0,4,5,4,13,Champions
C01108,29,4,2696.0,3,3,4,10,Loyal Customers
C01109,49,3,1701.0,2,2,3,7,Potential Loyalists
C01110,58,1,350.0,2,1,1,4,Hibernating
C01111,27,4,1787.0,3,3,3,9,Potential Loyalists
C01112,162,1,623.0,1,1,1,3,Hibernating
C01113,98,4,1526.0,1,3,2,6,At Risk
C01114,35,8,3807.0,3,5,5,13,Champions
C01115,59,5,2086.0,2,4,3,9,Potential Loyalists
C01116,24,3,1483.0,4,2,2,8,Potential Loyalists
C01117,73,5,2072.0,2,4,3,9,Potential Loyalists
C01118,42,6,3203.0,3,5,5,13,Champions
C01119,19,3,2768.0,4,2,4,10,Loyal Customers
C01120,16,3,1923.0,4,2,3,9,Potential Loyalists
C01121,102,1,699.0,1,1,1,3,Hibernating
C01122,7,4,1656.0,5,3,3,11,Loyal Customers
C01123,2,5,2074.0,5,4,3,12,Loyal Customers
C01124,80,2,990.0,1,1,1,3,Hibernating
C01125,44,5,2435.0,2,4,4,10,Loyal Customers
C01126,8,4,2324.0,5,3,4,12,Loyal Customers
C01127,19,3,1883.0,4,2,3,9,Potential Loyalists
C01128,50,4,2664.0,2,3,4,9,Potential Loyalists
C01129,12,6,2253.0,4,5,4,13,Champions
C01130,19,4,2452.0,4,3,4,11,Loyal Customers
C01131,172,1,582.0,1,1,1,3,Hibernating
C01132,2,2,975.0,5,1,1,7,Potential Loyalists
C01133,123,2,1554.0,1,1,2,4,Hibernating
C01134,45,7,2868.0,2,5,5,12,Loyal Customers
C01135,124,1,608.0,1,1,1,3,Hibernating
C01136,77,2,1313.0,1,1,2,4,Hibernating
C01137,14,2,1087.0,4,1,2,7,Potential Loyalists
C01138,27,2,1061.0,3,1,2,6,At Risk
C01139,71,3,1600.0,2,2,3,7,Potential Loyalists
C01140,60,4,2230.0,2,3,4,9,Potential Loyalists
C01141,19,3,1150.0,4,2,2,8,Potential Loyalists
C01142,10,8,4119.0,5,5,5,15,Champions
C01143,37,10,3893.0,3,5,5,13,Champions
C01144,113,2,692.0,1,1,1,3,Hibernating
C01145,7,4,2105.0,5,3,3,11,Loyal Customers
C01146,26,4,2603.0,3,3,4,10,Loyal Customers
C01147,147,2,1215.0,1,1,2,4,Hibernating
C01148,19,8,5465.0,4,5,5,14,Champions
C01149,102,3,1483.0,1,2,2,5,At Risk
C01150,11,5,2167.0,4,4,4,12,Loyal Customers
C01151,146,1,495.0,1,1,1,3,Hibernating
C01152,63,4,1742.0,2,3,3,8,Potential Loyalists
C01153,81,5,2580.0,1,4,4,9,Potential Loyalists
C01154,43,5,2429.0,3,4,4,11,Loyal Customers
C01155,8,3,1713.0,5,2,3,10,Loyal Customers
C01156,76,6,3262.0,1,5,5,11,Loyal Customers
C01157,2,3,2169.0,5,2,4,11,Loyal Customers
C01158,8,2,1033.0,5,1,1,7,Potential Loyalists
C01159,16,5,1668.0,4,4,3,11,Loyal Customers
C01160,38,3,1200.0,3,2,2,7,Potential Loyalists
C01161,1,6,3513.0,5,5,5,15,Champions
C01162,126,2,916.0,1,1,1,3,Hibernating
C01163,108,3,2253.0,1,2,4,7,Potential Loyalists
C01164,64,5,2893.0,2,4,5,11,Loyal Customers
C01165,8,3,1683.0,5,2,3,10,Loyal Customers
C01166,3,6,3836.0,5,5,5,15,Champions
C01167,179,1,888.0,1,1,1,3,Hibernating
C01168,25,3,1459.0,3,2,2,7,Potential Loyalists
C01169,51,2,1364.0,2,1,2,5,At Risk
C01170,11,4,1473.0,4,3,2,9,Potential Loyalists
C01171,36,2,845.0,3,1,1,5,At Risk
C01172,48,7,3416.0,2,5,5,12,Loyal Customers
C01173,49,8,4668.0,2,5,5,12,Loyal Customers
C01174,6,9,4880.0,5,5,5,15,Champions
C01176,25,1,278.0,3,1,1,5,At Risk
C01177,98,4,3164.0,1,3,5,9,Potential Loyalists
C01178,78,4,2285.0,1,3,4,8,Potential Loyalists
C01179,25,3,1283.0,3,2,2,7,Potential Loyalists
C01180,2,3,1239.0,5,2,2,9,Potential Loyalists
C01181,129,2,817.0,1,1,1,3,Hibernating
C01182,92,3,1813.0,1,2,3,6,At Risk
C01183,87,3,1920.0,1,2,3,6,At Risk
C01184,17,5,2609.0,4,4,4,12,Loyal Customers
C01185,36,3,1468.0,3,2,2,7,Potential Loyalists
C01186,1,5,2661.0,5,4,4,13,Champions
C01187,39,5,2178.0,3,4,4,11,Loyal Customers
C01188,11,3,1518.0,4,2,2,8,Potential Loyalists
C01189,97,2,1607.0,1,1,3,5,At Risk
C01190,2,1,512.0,5,1,1,7,Potential Loyalists
C01191,44,4,1680.0,2,3,3,8,Potential Loyalists
C01192,17,1,441.0,4,1,1,6,At Risk
C01193,100,2,1437.0,1,1,2,4,Hibernating
C01194,0,6,2560.0,5,5,4,14,Champions
C01195,1,4,2421.0,5,3,4,12,Loyal Customers
C01196,32,5,2472.0,3,4,4,11,Loyal Customers
C01197,100,2,1088.0,1,1,2,4,Hibernating
C01198,40,4,1821.0,3,3,3,9,Potential Loyalists
C01199,82,6,3122.0,1,5,5,11,Loyal Customers
C01200,60,3,1766.0,2,2,3,7,Potential Loyalists
C01201,44,2,1053.0,2,1,2,5,At Risk
C01202,82,4,2274.0,1,3,4,8,Potential Loyalists
C01203,22,6,3925.0,4,5,5,14,Champions
C01204,34,2,1069.0,3,1,2,6,At Risk
C01205,83,3,1431.0,1,2,2,5,At Risk
C01206,17,7,4171.0,4,5,5,14,Champions
C01207,2,1,458.0,5,1,1,7,Potential Loyalists
C01208,95,2,1021.0,1,1,1,3,Hibernating
C01209,121,2,762.0,1,1,1,3,Hibernating
C01210,13,1,738.0,4,1,1,6,At Risk
C01212,84,3,1703.0,1,2,3,6,At Risk
C01213,70,2,956.0,2,1,1,4,Hibernating
C01214,79,3,2015.0,1,2,3,6,At Risk
C01215,24,7,3882.0,4,5,5,14,Champions
C01216,17,4,1707.0,4,3,3,10,Loyal Customers
C01217,10,4,1833.0,5,3,3,11,Loyal Customers
C01219,2,3,1057.0,5,2,2,9,Potential Loyalists
C01220,0,3,2116.0,5,2,3,10,Loyal Customers
C01221,30,4,1594.0,3,3,2,8,Potential Loyalists
C01222,68,3,1284.0,2,2,2,6,At Risk
C01223,8,3,1471.0,5,2,2,9,Potential Loyalists
C01224,55,4,2623.0,2,3,4,9,Potential Loyalists
C01225,2,2,636.0,5,1,1,7,Potential Loyalists
C01226,15,3,1335.0,4,2,2,8,Potential Loyalists
C01227,25,6,2727.0,3,5,4,12,Loyal Customers
C01228,58,2,1425.0,2,1,2,5,At Risk
C01229,7,5,2362.0,5,4,4,13,Champions
C01230,57,1,382.0,2,1,1,4,Hibernating
C01231,51,3,1198.0,2,2,2,6,At Risk
C01232,115,5,2668.0,1,4,4,9,Potential Loyalists
C01233,66,3,1482.0,2,2,2,6,At Risk
C01234,35,1,409.0,3,1,1,5,At Risk
C01235,41,2,1023.0,3,1,1,5,At Risk
C01236,20,7,3304.0,4,5,5,14,Champions
C01237,1,5,2695.0,5,4,4,13,Champions
C01238,10,4,1940.0,5,3,3,11,Loyal Customers
C01239,64,6,3342.0,2,5,5,12,Loyal Customers
C01240,47,5,2553.0,2,4,4,10,Loyal Customers
C01241,120,1,361.0,1,1,1,3,Hibernating
C01242,50,3,1654.0,2,2,3,7,Potential Loyalists
C01243,10,6,1961.0,5,5,3,13,Champions
C01244,13,4,2028.0,4,3,3,10,Loyal Customers
C01245,13,4,2943.0,4,3,5,12,Loyal Customers
C01246,74,3,1866.0,2,2,3,7,Potential Loyalists
C01247,32,2,968.0,3,1,1,5,At Risk
C01248,157,1,467.0,1,1,1,3,Hibernating
C01249,73,7,2714.0,2,5,4,11,Loyal Customers
C01250,38,2,645.0,3,1,1,5,At Risk
C01251,66,3,1629.0,2,2,3,7,Potential Loyalists
C01252,43,3,1096.0,3,2,2,7,Potential Loyalists
C01253,56,2,1293.0,2,1,2,5,At Risk
C01254,78,1,272.0,1,1,1,3,Hibernating
C01255,125,3,1707.0,1,2,3,6,At Risk
C01256,35,5,3114.0,3,4,5,12,Loyal Customers
C01257,49,5,2032.0,2,4,3,9,Potential Loyalists
C01258,38,3,1258.0,3,2,2,7,Potential Loyalists
C01259,125,3,2008.0,1,2,3,6,At Risk
C01260,167,1,384.0,1,1,1,3,Hibernating
C01261,17,6,4407.0,4,5,5,14,Champions
C01262,14,7,2427.0,4,5,4,13,Champions
C01263,59,5,3073.0,2,4,5,11,Loyal Customers
C01264,56,3,962.0,2,2,1,5,At Risk
C01265,5,3,1505.0,5,2,2,9,Potential Loyalists
C01266,71,4,1570.0,2,3,2,7,Potential Loyalists
C01267,43,5,2905.0,3,4,5,12,Loyal Customers
C01268,22,7,3940.0,4,5,5,14,Champions
C01269,54,3,1572.0,2,2,2,6,At Risk
C01270,60,2,966.0,2,1,1,4,Hibernating
C01271,139,1,579.0,1,1,1,3,Hibernating
C01272,30,7,3370.0,3,5,5,13,Champions
C01273,90,3,1309.0,1,2,2,5,At Risk
C01275,7,4,1986.0,5,3,3,11,Loyal Customers
C01276,96,2,1245.0,1,1,2,4,Hibernating
C01277,11,8,4016.0,4,5,5,14,Champions
C01278,27,2,851.0,3,1,1,5,At Risk
C01280,9,5,1999.0,5,4,3,12,Loyal Customers
C01281,50,3,1794.0,2,2,3,7,Potential Loyalists
C01282,46,2,1173.0,2,1,2,5,At Risk
C01283,9,4,2222.0,5,3,4,12,Loyal Customers
C01284,14,9,4834.0,4,5,5,14,Champions
C01285,50,7,3450.0,2,5,5,12,Loyal Customers
C01286,0,2,1136.0,5,1,2,8,Potential Loyalists
C01287,82,2,1166.0,1,1,2,4,Hibernating
C01288,16,4,2240.0,4,3,4,11,Loyal Customers
C01289,38,3,1138.0,3,2,2,7,Potential Loyalists
C01290,55,3,1678.0,2,2,3,7,Potential Loyalists
C01291,95,6,3661.0,1,5,5,11,Loyal Customers
C01293,87,4,2555.0,1,3,4,8,Potential Loyalists
C01294,92,1,419.0,1,1,1,3,Hibernating
C01295,38,9,6167.0,3,5,5,13,Champions
C01296,2,8,3634.0,5,5,5,15,Champions
C01297,94,3,1220.0,1,2,2,5,At Risk
C01298,86,3,1773.0,1,2,3,6,At Risk
C01299,8,2,939.0,5,1,1,7,Potential Loyalists
C01300,76,2,1188.0,1,1,2,4,Hibernating
C01301,36,3,1430.0,3,2,2,7,Potential Loyalists
C01302,91,2,1189.0,1,1,2,4,Hibernating
C01303,5,4,2034.0,5,3,3,11,Loyal Customers
C01304,73,4,2463.0,2,3,4,9,Potential Loyalists
C01305,15,2,1356.0,4,1,2,7,Potential Loyalists
C01306,109,2,1360.0,1,1,2,4,Hibernating
C01307,9,5,2307.0,5,4,4,13,Champions
C01308,10,4,1685.0,5,3,3,11,Loyal Customers
C01309,20,5,2329.0,4,4,4,12,Loyal Customers
C01310,99,2,2075.0,1,1,3,5,At Risk
C01311,79,9,4348.0,1,5,5,11,Loyal Customers
C01312,64,4,2460.0,2,3,4,9,Potential Loyalists
C01313,25,5,2614.0,3,4,4,11,Loyal Customers
C01314,21,3,1342.0,4,2,2,8,Potential Loyalists
C01316,49,5,2951.0,2,4,5,11,Loyal Customers
C01317,6,8,4038.0,5,5,5,15,Champions
C01318,15,7,3881.0,4,5,5,14,Champions
C01319,45,1,403.0,2,1,1,4,Hibernating
C01320,49,3,1602.0,2,2,3,7,Potential Loyalists
C01321,80,4,1764.0,1,3,3,7,Potential Loyalists
C01322,24,5,2435.0,4,4,4,12,Loyal Customers
C01323,117,2,720.0,1,1,1,3,Hibernating
C01324,11,4,2217.0,4,3,4,11,Loyal Customers
C01325,70,2,993.0,2,1,1,4,Hibernating
C01326,15,4,1628.0,4,3,3,10,Loyal Customers
C01327,27,3,1441.0,3,2,2,7,Potential Loyalists
C01328,39,4,1966.0,3,3,3,9,Potential Loyalists
C01329,90,5,2531.0,1,4,4,9,Potential Loyalists
C01330,9,5,3596.0,5,4,5,14,Champions
C01331,119,3,1665.0,1,2,3,6,At Risk
C01332,62,2,681.0,2,1,1,4,Hibernating
C01333,66,2,819.0,2,1,1,4,Hibernating
C01334,0,7,3051.0,5,5,5,15,Champions
C01335,25,7,2793.0,3,5,4,12,Loyal Customers
C01336,22,2,1271.0,4,1,2,7,Potential Loyalists
C01337,70,2,835.0,2,1,1,4,Hibernating
C01338,23,2,848.0,4,1,1,6,At Risk
C01339,88,6,2768.0,1,5,4,10,Loyal Customers
C01340,136,1,622.0,1,1,1,3,Hibernating
C01341,92,2,872.0,1,1,1,3,Hibernating
C01342,22,6,2447.0,4,5,4,13,Champions
C01343,65,2,1535.0,2,1,2,5,At Risk
C01344,19,3,1692.0,4,2,3,9,Potential Loyalists
C01345,20,6,2618.0,4,5,4,13,Champions
C01346,37,5,2833.0,3,4,5,12,Loyal Customers
C01347,3,6,3213.0,5,5,5,15,Champions
C01348,4,5,2749.0,5,4,4,13,Champions
C01349,56,4,1618.0,2,3,3,8,Potential Loyalists
C01350,81,1,225.0,1,1,1,3,Hibernating
C01351,16,5,2038.0,4,4,3,11,Loyal Customers
C01352,24,6,2730.0,4,5,4,13,Champions
C01353,0,4,1828.0,5,3,3,11,Loyal Customers
C01354,111,2,1107.0,1,1,2,4,Hibernating
C01355,38,2,965.0,3,1,1,5,At Risk
C01356,56,4,2206.0,2,3,4,9,Potential Loyalists
C01357,2,3,1680.0,5,2,3,10,Loyal Customers
C01358,2,4,1621.0,5,3,3,11,Loyal Customers
C01359,38,3,2010.0,3,2,3,8,Potential Loyalists
C01360,30,2,1162.0,3,1,2,6,At Risk
C01361,7,9,4181.0,5,5,5,15,Champions
C01362,45,2,863.0,2,1,1,4,Hibernating
C01363,1,4,1744.0,5,3,3,11,Loyal Customers
C01364,16,4,1737.0,4,3,3,10,Loyal Customers
C01365,68,3,1733.0,2,2,3,7,Potential Loyalists
C01366,24,7,4170.0,4,5,5,14,Champions
C01367,5,7,3911.0,5,5,5,15,Champions
C01368,43,2,646.0,3,1,1,5,At Risk
C01369,49,5,2282.0,2,4,4,10,Loyal Customers
C01370,97,2,1719.0,1,1,3,5,At Risk
C01371,13,1,328.0,4,1,1,6,At Risk
C01372,13,7,3950.0,4,5,5,14,Champions
C01373,45,2,1030.0,2,1,1,4,Hibernating
C01374,115,3,1993.0,1,2,3,6,At Risk
C01375,151,2,1307.0,1,1,2,4,Hibernating
C01376,90,5,2973.0,1,4,5,10,Loyal Customers
C01377,18,4,2678.0,4,3,4,11,Loyal Customers
C01378,53,1,524.0,2,1,1,4,Hibernating
C01379,15,5,2514.0,4,4,4,12,Loyal Customers
C01380,40,2,1068.0,3,1,2,6,At Risk
C01381,5,4,1529.0,5,3,2,10,Loyal Customers
C01382,72,6,3051.0,2,5,5,12,Loyal Customers
C01383,1,4,1833.0,5,3,3,11,Loyal Customers
C01384,36,4,2167.0,3,3,4,10,Loyal Customers
C01385,13,3,1791.0,4,2,3,9,Potential Loyalists
C01386,6,5,2251.0,5,4,4,13,Champions
C01387,27,4,2093.0,3,3,3,9,Potential Loyalists
C01388,44,7,3384.0,2,5,5,12,Loyal Customers
C01389,0,4,2329.0,5,3,4,12,Loyal Customers
C01390,140,1,621.0,1,1,1,3,Hibernating
C01391,38,3,1349.0,3,2,2,7,Potential Loyalists
C01392,4,4,2103.0,5,3,3,11,Loyal Customers
C01393,61,3,1283.0,2,2,2,6,At Risk
C01394,39,6,3822.0,3,5,5,13,Champions
C01395,30,5,2529.0,3,4,4,11,Loyal Customers
C01396,46,5,2762.0,2,4,4,10,Loyal Customers
C01397,37,4,1956.0,3,3,3,9,Potential Loyalists
C01398,84,2,888.0,1,1,1,3,Hibernating
C01399,35,2,944.0,3,1,1,5,At Risk
C01400,2,2,919.0,5,1,1,7,Potential Loyalists
C01401,2,7,3874.0,5,5,5,15,Champions
C01402,61,4,1730.0,2,3,3,8,Potential Loyalists
C01403,17,3,1126.0,4,2,2,8,Potential Loyalists
C01404,50,3,1533.0,2,2,2,6,At Risk
C01405,28,2,1059.0,3,1,2,6,At Risk
C01406,2,6,2586.0,5,5,4,14,Champions
C01407,56,6,2937.0,2,5,5,12,Loyal Customers
C01408,96,1,645.0,1,1,1,3,Hibernating
C01409,49,6,2762.0,2,5,4,11,Loyal Customers
C01410,4,6,2900.0,5,5,5,15,Champions
C01411,101,1,531.0,1,1,1,3,Hibernating
C01412,64,4,2332.0,2,3,4,9,Potential Loyalists
C01413,73,3,1039.0,2,2,1,5,At Risk
C01414,35,1,1475.0,3,1,2,6,At Risk
C01415,102,2,1165.0,1,1,2,4,Hibernating
C01416,12,9,5044.0,4,5,5,14,Champions
C01417,2,4,1811.0,5,3,3,11,Loyal Customers
C01418,56,8,3678.0,2,5,5,12,Loyal Customers
C01419,8,6,3476.0,5,5,5,15,Champions
C01420,70,4,1871.0,2,3,3,8,Potential Loyalists
C01421,11,7,3373.0,4,5,5,14,Champions
C01422,13,3,1642.0,4,2,3,9,Potential Loyalists
C01423,63,8,4010.0,2,5,5,12,Loyal Customers
C01424,120,2,931.0,1,1,1,3,Hibernating
C01426,19,4,1699.0,4,3,3,10,Loyal Customers
C01427,159,1,349.0,1,1,1,3,Hibernating
C01428,91,2,1165.0,1,1,2,4,Hibernating
C01429,123,2,835.0,1,1,1,3,Hibernating
C01430,31,3,1128.0,3,2,2,7,Potential Loyalists
C01431,10,2,965.0,5,1,1,7,Potential Loyalists
C01432,8,3,861.0,5,2,1,8,Potential Loyalists
C01433,61,1,481.0,2,1,1,4,Hibernating
C01434,42,2,1054.0,3,1,2,6,At Risk
C01435,16,4,2184.0,4,3,4,11,Loyal Customers
C01436,27,4,2114.0,3,3,3,9,Potential Loyalists
C01437,13,7,3310.0,4,5,5,14,Champions
C01438,64,5,2399.0,2,4,4,10,Loyal Customers
C01439,14,3,1518.0,4,2,2,8,Potential Loyalists
C01440,68,3,1327.0,2,2,2,6,At Risk
C01441,20,3,1100.0,4,2,2,8,Potential Loyalists
C01442,47,1,301.0,2,1,1,4,Hibernating
C01443,53,4,1717.0,2,3,3,8,Potential Loyalists
C01445,38,4,2612.0,3,3,4,10,Loyal Customers
C01446,29,2,813.0,3,1,1,5,At Risk
C01447,169,1,473.0,1,1,1,3,Hibernating
C01448,32,7,3044.0,3,5,5,13,Champions
C01449,78,4,2309.0,1,3,4,8,Potential Loyalists
C01450,81,2,1433.0,1,1,2,4,Hibernating
C01451,6,3,1240.0,5,2,2,9,Potential Loyalists
C01452,90,2,904.0,1,1,1,3,Hibernating
C01453,21,7,3771.0,4,5,5,14,Champions
C01454,117,2,1128.0,1,1,2,4,Hibernating
C01455,42,4,1892.0,3,3,3,9,Potential Loyalists
C01456,42,5,2386.0,3,4,4,11,Loyal Customers
C01457,43,6,3418.0,3,5,5,13,Champions
C01458,3,1,502.0,5,1,1,7,Potential Loyalists
C01459,11,4,1922.0,4,3,3,10,Loyal Customers
C01460,9,6,2914.0,5,5,5,15,Champions
C01461,8,6,3592.0,5,5,5,15,Champions
C01462,44,6,3352.0,2,5,5,12,Loyal Customers
C01463,31,5,1981.0,3,4,3,10,Loyal Customers
C01464,29,10,5213.0,3,5,5,13,Champions
C01465,95,2,1282.0,1,1,2,4,Hibernating
C01466,16,3,1675.0,4,2,3,9,Potential Loyalists
C01467,0,4,2354.0,5,3,4,12,Loyal Customers
C01468,10,4,2708.0,5,3,4,12,Loyal Customers
C01469,100,7,3608.0,1,5,5,11,Loyal Customers
C01470,155,1,294.0,1,1,1,3,Hibernating
C01471,19,5,2316.0,4,4,4,12,Loyal Customers
C01472,78,4,1799.0,1,3,3,7,Potential Loyalists
C01473,38,2,966.0,3,1,1,5,At Risk
C01474,76,4,2347.0,1,3,4,8,Potential Loyalists
C01475,61,3,1070.0,2,2,2,6,At Risk
C01476,94,3,1301.0,1,2,2,5,At Risk
C01477,8,5,2252.0,5,4,4,13,Champions
C01478,119,1,824.0,1,1,1,3,Hibernating
C01479,74,2,886.0,2,1,1,4,Hibernating
C01480,16,5,2317.0,4,4,4,12,Loyal Customers
C01481,140,1,741.0,1,1,1,3,Hibernating
C01482,54,2,973.0,2,1,1,4,Hibernating
C01483,31,7,4246.0,3,5,5,13,Champions
C01484,180,1,218.0,1,1,1,3,Hibernating
C01485,126,2,934.0,1,1,1,3,Hibernating
C01486,12,4,1543.0,4,3,2,9,Potential Loyalists
C01487,14,5,2431.0,4,4,4,12,Loyal Customers
C01488,24,1,579.0,4,1,1,6,At Risk
C01489,9,4,2579.0,5,3,4,12,Loyal Customers
C01490,10,6,4027.0,5,5,5,15,Champions
C01491,33,5,2735.0,3,4,4,11,Loyal Customers
C01492,6,5,4312.0,5,4,5,14,Champions
C01493,12,4,1802.0,4,3,3,10,Loyal Customers
C01494,35,3,1494.0,3,2,2,7,Potential Loyalists
C01495,63,6,4082.0,2,5,5,12,Loyal Customers
C01496,3,2,696.0,5,1,1,7,Potential Loyalists
C01497,78,1,312.0,1,1,1,3,Hibernating
C01498,16,3,1508.0,4,2,2,8,Potential Loyalists
C01499,62,4,1951.0,2,3,3,8,Potential Loyalists
C01500,9,4,1675.0,5,3,3,11,Loyal Customers
C01501,8,5,2517.0,5,4,4,13,Champions
C01502,8,4,1650.0,5,3,3,11,Loyal Customers
C01503,12,2,1207.0,4,1,2,7,Potential Loyalists
C01504,44,6,2683.0,2,5,4,11,Loyal Customers
C01505,36,3,1802.0,3,2,3,8,Potential Loyalists
C01506,0,2,1556.0,5,1,2,8,Potential Loyalists
C01507,54,2,820.0,2,1,1,4,Hibernating
C01508,14,3,1302.0,4,2,2,8,Potential Loyalists
C01509,29,5,3324.0,3,4,5,12,Loyal Customers
C01510,10,4,1847.0,5,3,3,11,Loyal Customers
C01511,69,6,3260.0,2,5,5,12,Loyal Customers
C01512,44,2,901.0,2,1,1,4,Hibernating
C01513,50,4,1735.0,2,3,3,8,Potential Loyalists
C01514,9,5,2154.0,5,4,4,13,Champions
C01515,115,2,1097.0,1,1,2,4,Hibernating
C01516,2,4,2034.0,5,3,3,11,Loyal Customers
C01517,36,5,2540.0,3,4,4,11,Loyal Customers
C01518,10,6,2374.0,5,5,4,14,Champions
C01519,51,2,995.0,2,1,1,4,Hibernating
C01520,58,2,904.0,2,1,1,4,Hibernating
C01521,39,1,228.0,3,1,1,5,At Risk
C01522,69,2,934.0,2,1,1,4,Hibernating
C01523,52,3,1689.0,2,2,3,7,Potential Loyalists
C01524,96,5,1704.0,1,4,3,8,Potential Loyalists
C01525,4,4,2551.0,5,3,4,12,Loyal Customers
C01526,32,5,2372.0,3,4,4,11,Loyal Customers
C01527,10,6,3311.0,5,5,5,15,Champions
C01528,25,6,2994.0,3,5,5,13,Champions
C01529,30,3,1759.0,3,2,3,8,Potential Loyalists
C01530,15,3,1389.0,4,2,2,8,Potential Loyalists
C01531,23,4,1395.0,4,3,2,9,Potential Loyalists
C01532,28,3,1511.0,3,2,2,7,Potential Loyalists
C01533,30,3,1133.0,3,2,2,7,Potential Loyalists
C01534,24,1,562.0,4,1,1,6,At Risk
C01535,43,1,218.0,3,1,1,5,At Risk
C01536,38,5,2561.0,3,4,4,11,Loyal Customers
C01537,12,3,2820.0,4,2,5,11,Loyal Customers
C01538,93,4,1904.0,1,3,3,7,Potential Loyalists
C01539,33,6,2345.0,3,5,4,12,Loyal Customers
C01540,75,3,1636.0,1,2,3,6,At Risk
C01541,7,4,2350.0,5,3,4,12,Loyal Customers
C01542,25,3,1406.0,3,2,2,7,Potential Loyalists
C01543,49,4,1816.0,2,3,3,8,Potential Loyalists
C01544,5,4,2141.0,5,3,4,12,Loyal Customers
C01546,7,3,1553.0,5,2,2,9,Potential Loyalists
C01547,24,3,1817.0,4,2,3,9,Potential Loyalists
C01548,18,6,2805.0,4,5,4,13,Champions
C01549,9,4,2344.0,5,3,4,12,Loyal Customers
C01550,85,3,1498.0,1,2,2,5,At Risk
C01551,81,1,663.0,1,1,1,3,Hibernating
C01552,31,5,2738.0,3,4,4,11,Loyal Customers
C01553,0,4,2131.0,5,3,3,11,Loyal Customers
C01554,91,4,1788.0,1,3,3,7,Potential Loyalists
C01555,124,2,1584.0,1,1,2,4,Hibernating
C01556,83,3,1863.0,1,2,3,6,At Risk
C01557,36,6,3119.0,3,5,5,13,Champions
C01558,125,1,453.0,1,1,1,3,Hibernating
C01559,73,1,382.0,2,1,1,4,Hibernating
C01560,13,4,1477.0,4,3,2,9,Potential Loyalists
C01561,51,4,2045.0,2,3,3,8,Potential Loyalists
C01562,32,6,2748.0,3,5,4,12,Loyal Customers
C01563,38,4,1735.0,3,3,3,9,Potential Loyalists
C01564,17,7,3499.0,4,5,5,14,Champions
C01565,119,2,1177.0,1,1,2,4,Hibernating
C01566,15,2,1267.0,4,1,2,7,Potential Loyalists
C01568,7,2,763.0,5,1,1,7,Potential Loyalists
C01569,14,3,1405.0,4,2,2,8,Potential Loyalists
C01570,54,4,1838.0,2,3,3,8,Potential Loyalists
C01571,46,3,1399.0,2,2,2,6,At Risk
C01572,67,1,422.0,2,1,1,4,Hibernating
C01573,31,4,1754.0,3,3,3,9,Potential Loyalists
C01574,70,6,3681.0,2,5,5,12,Loyal Customers
C01575,33,6,3631.0,3,5,5,13,Champions
C01576,86,4,2532.0,1,3,4,8,Potential Loyalists
C01577,80,2,1387.0,1,1,2,4,Hibernating
C01578,69,2,878.0,2,1,1,4,Hibernating
C01579,169,1,598.0,1,1,1,3,Hibernating
C01580,74,3,1088.0,2,2,2,6,At Risk
C01581,23,2,1007.0,4,1,1,6,At Risk
C01582,4,6,2228.0,5,5,4,14,Champions
C01583,51,6,3772.0,2,5,5,12,Loyal Customers
C01584,62,2,1329.0,2,1,2,5,At Risk
C01585,31,3,1215.0,3,2,2,7,Potential Loyalists
C01586,78,3,1519.0,1,2,2,5,At Risk
C01587,6,9,4110.0,5,5,5,15,Champions
C01588,4,3,2138.0,5,2,4,11,Loyal Customers
C01589,165,1,514.0,1,1,1,3,Hibernating
C01590,29,2,1446.0,3,1,2,6,At Risk
C01591,48,2,760.0,2,1,1,4,Hibernating
C01592,90,3,1468.0,1,2,2,5,At Risk
C01593,11,2,687.0,4,1,1,6,At Risk
C01594,13,5,2052.0,4,4,3,11,Loyal Customers
C01595,94,3,1620.0,1,2,3,6,At Risk
C01596,53,6,3613.0,2,5,5,12,Loyal Customers
C01597,0,3,1036.0,5,2,1,8,Potential Loyalists
C01598,13,4,2455.0,4,3,4,11,Loyal Customers
C01599,73,3,1656.0,2,2,3,7,Potential Loyalists
C01600,0,5,3189.0,5,4,5,14,Champions
C01601,88,3,1613.0,1,2,3,6,At Risk
C01603,19,5,2173.0,4,4,4,12,Loyal Customers
C01604,2,5,2519.0,5,4,4,13,Champions
C01605,16,11,5552.0,4,5,5,14,Champions
C01606,77,6,2710.0,1,5,4,10,Loyal Customers
C01607,4,4,2278.0,5,3,4,12,Loyal Customers
C01609,28,5,2891.0,3,4,5,12,Loyal Customers
C01610,17,2,1173.0,4,1,2,7,Potential Loyalists
C01611,33,6,2997.0,3,5,5,13,Champions
C01612,39,3,1730.0,3,2,3,8,Potential Loyalists
C01613,8,5,2484.0,5,4,4,13,Champions
C01614,36,4,1647.0,3,3,3,9,Potential Loyalists
C01615,31,1,483.0,3,1,1,5,At Risk
C01616,11,5,2905.0,4,4,5,13,Champions
C01617,84,1,511.0,1,1,1,3,Hibernating
C01618,11,9,3761.0,4,5,5,14,Champions
C01619,107,2,871.0,1,1,1,3,Hibernating
C01620,12,6,2680.0,4,5,4,13,Champions
C01621,16,5,2562.0,4,4,4,12,Loyal Customers
C01622,13,4,2123.0,4,3,3,10,Loyal Customers
C01623,11,3,1877.0,4,2,3,9,Potential Loyalists
C01624,139,1,535.0,1,1,1,3,Hibernating
C01625,0,5,2670.0,5,4,4,13,Champions
C01626,61,5,2623.0,2,4,4,10,Loyal Customers
C01627,33,4,2554.0,3,3,4,10,Loyal Customers
C01628,84,5,2428.0,1,4,4,9,Potential Loyalists
C01629,12,7,4024.0,4,5,5,14,Champions
C01630,17,6,2739.0,4,5,4,13,Champions
C01631,70,1,241.0,2,1,1,4,Hibernating
C01632,35,5,2553.0,3,4,4,11,Loyal Customers
C01633,42,2,718.0,3,1,1,5,At Risk
C01634,19,2,724.0,4,1,1,6,At Risk
C01635,9,5,2791.0,5,4,4,13,Champions
C01636,13,7,3335.0,4,5,5,14,Champions
C01637,159,1,399.0,1,1,1,3,Hibernating
C01638,16,2,980.0,4,1,1,6,At Risk
C01640,1,2,1265.0,5,1,2,8,Potential Loyalists
C01641,94,2,1367.0,1,1,2,4,Hibernating
C01642,30,6,3520.0,3,5,5,13,Champions
C01643,21,7,3636.0,4,5,5,14,Champions
C01644,18,2,1543.0,4,1,2,7,Potential Loyalists
C01645,115,3,1527.0,1,2,2,5,At Risk
C01646,48,4,1931.0,2,3,3,8,Potential Loyalists
C01647,21,6,3426.0,4,5,5,14,Champions
C01648,27,4,2405.0,3,3,4,10,Loyal Customers
C01649,91,1,586.0,1,1,1,3,Hibernating
C01650,17,8,3957.0,4,5,5,14,Champions
C01651,31,5,1916.0,3,4,3,10,Loyal Customers
C01652,152,1,870.0,1,1,1,3,Hibernating
C01653,4,8,3616.0,5,5,5,15,Champions
C01655,33,7,3161.0,3,5,5,13,Champions
C01656,151,2,1381.0,1,1,2,4,Hibernating
C01657,9,1,425.0,5,1,1,7,Potential Loyalists
C01658,17,7,3073.0,4,5,5,14,Champions
C01659,117,2,1682.0,1,1,3,5,At Risk
C01660,38,4,2393.0,3,3,4,10,Loyal Customers
C01661,86,3,1552.0,1,2,2,5,At Risk
C01662,13,1,323.0,4,1,1,6,At Risk
C01663,61,5,2298.0,2,4,4,10,Loyal Customers
C01664,45,3,2007.0,2,2,3,7,Potential Loyalists
C01665,54,5,2425.0,2,4,4,10,Loyal Customers
C01666,10,5,3111.0,5,4,5,14,Champions
C01667,26,7,3159.0,3,5,5,13,Champions
C01668,10,4,1765.0,5,3,3,11,Loyal Customers
C01669,179,1,445.0,1,1,1,3,Hibernating
C01670,130,2,681.0,1,1,1,3,Hibernating
C01671,30,1,360.0,3,1,1,5,At Risk
C01672,25,3,1639.0,3,2,3,8,Potential Loyalists
C01673,7,5,2670.0,5,4,4,13,Champions
C01674,34,2,1262.0,3,1,2,6,At Risk
C01675,19,6,2915.0,4,5,5,14,Champions
C01676,100,4,2281.0,1,3,4,8,Potential Loyalists
C01677,6,3,1009.0,5,2,1,8,Potential Loyalists
C01678,27,3,1194.0,3,2,2,7,Potential Loyalists
C01679,3,6,2848.0,5,5,5,15,Champions
C01680,12,4,2441.0,4,3,4,11,Loyal Customers
C01681,58,3,1468.0,2,2,2,6,At Risk
C01682,60,3,1705.0,2,2,3,7,Potential Loyalists
C01683,49,4,1914.0,2,3,3,8,Potential Loyalists
C01684,100,3,1705.0,1,2,3,6,At Risk
C01685,12,3,996.0,4,2,1,7,Potential Loyalists
C01686,14,6,3312.0,4,5,5,14,Champions
C01687,78,4,1660.0,1,3,3,7,Potential Loyalists
C01688,89,2,923.0,1,1,1,3,Hibernating
C01689,90,1,869.0,1,1,1,3,Hibernating
C01690,38,4,1705.0,3,3,3,9,Potential Loyalists
C01691,69,5,3270.0,2,4,5,11,Loyal Customers
C01692,5,5,2561.0,5,4,4,13,Champions
C01693,65,4,1816.0,2,3,3,8,Potential Loyalists
C01694,51,8,4363.0,2,5,5,12,Loyal Customers
C01695,2,4,1548.0,5,3,2,10,Loyal Customers
C01696,29,3,1189.0,3,2,2,7,Potential Loyalists
C01697,31,3,2054.0,3,2,3,8,Potential Loyalists
C01698,66,2,1003.0,2,1,1,4,Hibernating
C01699,48,5,2695.0,2,4,4,10,Loyal Customers
C01700,31,1,440.0,3,1,1,5,At Risk
C01701,90,3,1127.0,1,2,2,5,At Risk
C01702,79,7,2319.0,1,5,4,10,Loyal Customers
C01703,31,3,1611.0,3,2,3,8,Potential Loyalists
C01704,67,6,3152.0,2,5,5,12,Loyal Customers
C01705,18,4,2574.0,4,3,4,11,Loyal Customers
C01706,78,5,2321.0,1,4,4,9,Potential Loyalists
C01707,20,5,2988.0,4,4,5,13,Champions
C01708,47,4,1744.0,2,3,3,8,Potential Loyalists
C01709,18,4,2574.0,4,3,4,11,Loyal Customers
C01710,86,5,3096.0,1,4,5,10,Loyal Customers
C01711,3,1,243.0,5,1,1,7,Potential Loyalists
C01712,0,4,2664.0,5,3,4,12,Loyal Customers
C01713,52,3,1833.0,2,2,3,7,Potential Loyalists
C01714,66,3,1626.0,2,2,3,7,Potential Loyalists
C01715,11,4,1833.0,4,3,3,10,Loyal Customers
C01716,3,5,2498.0,5,4,4,13,Champions
C01717,25,6,2242.0,3,5,4,12,Loyal Customers
C01718,57,2,604.0,2,1,1,4,Hibernating
C01719,4,3,1160.0,5,2,2,9,Potential Loyalists
C01720,86,5,2554.0,1,4,4,9,Potential Loyalists
C01721,43,4,1823.0,3,3,3,9,Potential Loyalists
C01722,34,3,1797.0,3,2,3,8,Potential Loyalists
C01723,13,4,1950.0,4,3,3,10,Loyal Customers
C01724,45,6,2673.0,2,5,4,11,Loyal Customers
C01725,18,4,2151.0,4,3,4,11,Loyal Customers
C01726,59,5,3458.0,2,4,5,11,Loyal Customers
C01727,41,5,2929.0,3,4,5,12,Loyal Customers
C01728,81,2,1029.0,1,1,1,3,Hibernating
C01729,43,3,1295.0,3,2,2,7,Potential Loyalists
C01730,51,9,5990.0,2,5,5,12,Loyal Customers
C01731,2,4,2074.0,5,3,3,11,Loyal Customers
C01732,63,1,1021.0,2,1,1,4,Hibernating
C01733,166,1,755.0,1,1,1,3,Hibernating
C01734,148,1,811.0,1,1,1,3,Hibernating
C01735,17,3,1661.0,4,2,3,9,Potential Loyalists
C01736,16,1,961.0,4,1,1,6,At Risk
C01737,17,3,1195.0,4,2,2,8,Potential Loyalists
C01738,1,3,1273.0,5,2,2,9,Potential Loyalists
C01739,25,6,2787.0,3,5,4,12,Loyal Customers
C01740,87,2,816.0,1,1,1,3,Hibernating
C01741,9,3,2077.0,5,2,3,10,Loyal Customers
C01742,12,6,2386.0,4,5,4,13,Champions
C01743,18,3,2393.0,4,2,4,10,Loyal Customers
C01744,14,5,2935.0,4,4,5,13,Champions
C01745,106,4,2540.0,1,3,4,8,Potential Loyalists
C01746,79,3,1355.0,1,2,2,5,At Risk
C01747,17,4,1834.0,4,3,3,10,Loyal Customers
C01748,8,7,3743.0,5,5,5,15,Champions
C01749,41,4,2815.0,3,3,5,11,Loyal Customers
C01750,32,3,1481.0,3,2,2,7,Potential Loyalists
C01751,72,4,1936.0,2,3,3,8,Potential Loyalists
C01752,123,1,424.0,1,1,1,3,Hibernating
C01753,16,7,2531.0,4,5,4,13,Champions
C01754,5,5,2141.0,5,4,4,13,Champions
C01755,19,4,2177.0,4,3,4,11,Loyal Customers
C01756,40,5,2535.0,3,4,4,11,Loyal Customers
C01757,9,8,3627.0,5,5,5,15,Champions
C01758,9,4,2454.0,5,3,4,12,Loyal Customers
C01759,50,4,1963.0,2,3,3,8,Potential Loyalists
C01760,68,3,2251.0,2,2,4,8,Potential Loyalists
C01761,4,4,2712.0,5,3,4,12,Loyal Customers
C01762,59,2,938.0,2,1,1,4,Hibernating
C01763,87,4,2038.0,1,3,3,7,Potential Loyalists
C01764,106,4,2264.0,1,3,4,8,Potential Loyalists
C01765,37,4,1765.0,3,3,3,9,Potential Loyalists
C01766,0,3,1573.0,5,2,2,9,Potential Loyalists
C01767,16,2,957.0,4,1,1,6,At Risk
C01768,21,3,1937.0,4,2,3,9,Potential Loyalists
C01769,44,3,1291.0,2,2,2,6,At Risk
C01770,9,2,976.0,5,1,1,7,Potential Loyalists
C01771,95,3,1235.0,1,2,2,5,At Risk
C01772,40,5,2190.0,3,4,4,11,Loyal Customers
C01773,91,5,2410.0,1,4,4,9,Potential Loyalists
C01774,0,5,2741.0,5,4,4,13,Champions
C01775,2,5,2187.0,5,4,4,13,Champions
C01776,73,3,1803.0,2,2,3,7,Potential Loyalists
C01777,20,3,1671.0,4,2,3,9,Potential Loyalists
C01778,16,4,1562.0,4,3,2,9,Potential Loyalists
C01779,17,6,3146.0,4,5,5,14,Champions
C01780,102,4,1757.0,1,3,3,7,Potential Loyalists
C01781,75,1,608.0,1,1,1,3,Hibernating
C01782,32,4,2066.0,3,3,3,9,Potential Loyalists
C01783,61,2,1245.0,2,1,2,5,At Risk
C01784,9,6,2824.0,5,5,5,15,Champions
C01785,5,2,1358.0,5,1,2,8,Potential Loyalists
C01786,48,2,1339.0,2,1,2,5,At Risk
C01788,19,5,2374.0,4,4,4,12,Loyal Customers
C01789,25,3,1581.0,3,2,2,7,Potential Loyalists
C01790,16,3,1648.0,4,2,3,9,Potential Loyalists
C01791,48,3,1062.0,2,2,2,6,At Risk
C01793,131,3,2125.0,1,2,3,6,At Risk
C01794,7,2,1185.0,5,1,2,8,Potential Loyalists
C01795,34,3,1017.0,3,2,1,6,At Risk
C01796,47,3,2500.0,2,2,4,8,Potential Loyalists
C01797,4,1,444.0,5,1,1,7,Potential Loyalists
C01798,116,4,2010.0,1,3,3,7,Potential Loyalists
C01799,44,3,1200.0,2,2,2,6,At Risk
C01800,119,2,877.0,1,1,1,3,Hibernating
C01801,92,4,1632.0,1,3,3,7,Potential Loyalists
C01802,49,5,2798.0,2,4,4,10,Loyal Customers
C01803,0,3,901.0,5,2,1,8,Potential Loyalists
C01804,44,3,1599.0,2,2,3,7,Potential Loyalists
C01805,42,3,2606.0,3,2,4,9,Potential Loyalists
C01806,56,7,4612.0,2,5,5,12,Loyal Customers
C01807,55,3,1262.0,2,2,2,6,At Risk
C01809,2,5,2491.0,5,4,4,13,Champions
C01810,5,6,2486.0,5,5,4,14,Champions
C01811,98,3,1806.0,1,2,3,6,At Risk
C01812,13,3,1880.0,4,2,3,9,Potential Loyalists
C01813,2,4,1584.0,5,3,2,10,Loyal Customers
C01814,55,7,2547.0,2,5,4,11,Loyal Customers
C01815,112,4,2343.0,1,3,4,8,Potential Loyalists
C01816,56,2,1280.0,2,2,2,6,At Risk
C01817,59,3,1648.0,2,2,3,7,Potential Loyalists
C01818,28,8,4876.0,3,5,5,13,Champions
C01819,21,6,3146.0,4,5,5,14,Champions
C01820,0,6,2758.0,5,5,4,14,Champions
C01821,39,3,2101.0,3,2,3,8,Potential Loyalists
C01822,1,3,2274.0,5,2,4,11,Loyal Customers
C01823,41,4,2303.0,3,3,4,10,Loyal Customers
C01824,2,6,2900.0,5,5,5,15,Champions
C01825,4,3,1579.0,5,2,2,9,Potential Loyalists
C01826,23,3,1631.0,4,2,3,9,Potential Loyalists
C01827,83,4,2555.0,1,3,4,8,Potential Loyalists
C01828,68,3,1469.0,2,2,2,6,At Risk
C01829,165,1,463.0,1,1,1,3,Hibernating
C01830,18,2,1669.0,4,2,3,9,Potential Loyalists
C01831,27,3,1674.0,3,2,3,8,Potential Loyalists
C01832,6,5,2820.0,5,4,5,14,Champions
C01833,79,5,3702.0,1,4,5,10,Loyal Customers
C01834,26,4,1908.0,3,3,3,9,Potential Loyalists
C01835,25,4,2156.0,3,3,4,10,Loyal Customers
C01836,16,3,1535.0,4,2,2,8,Potential Loyalists
C01837,25,6,3287.0,3,5,5,13,Champions
C01839,4,7,3767.0,5,5,5,15,Champions
C01840,34,4,1701.0,3,3,3,9,Potential Loyalists
C01841,34,2,1274.0,3,2,2,7,Potential Loyalists
C01842,3,4,1590.0,5,3,2,10,Loyal Customers
C01843,103,2,1060.0,1,2,2,5,At Risk
C01844,40,3,1721.0,3,2,3,8,Potential Loyalists
C01845,8,6,2637.0,5,5,4,14,Champions
C01846,54,4,2292.0,2,3,4,9,Potential Loyalists
C01847,9,3,1269.0,5,2,2,9,Potential Loyalists
C01848,33,6,2943.0,3,5,5,13,Champions
C01849,51,3,1455.0,2,2,2,6,At Risk
C01850,3,9,4901.0,5,5,5,15,Champions
C01851,53,3,1940.0,2,2,3,7,Potential Loyalists
C01852,14,4,1710.0,4,3,3,10,Loyal Customers
C01853,3,8,2979.0,5,5,5,15,Champions
C01854,61,3,1495.0,2,2,2,6,At Risk
C01855,6,5,2290.0,5,4,4,13,Champions
C01856,103,6,3510.0,1,5,5,11,Loyal Customers
C01857,6,3,1770.0,5,2,3,10,Loyal Customers
C01858,15,3,1967.0,4,2,3,9,Potential Loyalists
C01859,40,3,1183.0,3,2,2,7,Potential Loyalists
C01860,6,4,1964.0,5,3,3,11,Loyal Customers
C01861,90,3,1801.0,1,2,3,6,At Risk
C01862,36,4,2356.0,3,3,4,10,Loyal Customers
C01863,14,2,1096.0,4,2,2,8,Potential Loyalists
C01864,65,4,1367.0,2,3,2,7,Potential Loyalists
C01865,118,3,1585.0,1,2,2,5,At Risk
C01866,44,2,1202.0,2,2,2,6,At Risk
C01867,15,2,1186.0,4,2,2,8,Potential Loyalists
C01868,3,5,2424.0,5,4,4,13,Champions
C01869,40,2,1130.0,3,2,2,7,Potential Loyalists
C01870,49,6,2832.0,2,5,5,12,Loyal Customers
C01871,7,4,1823.0,5,3,3,11,Loyal Customers
C01872,99,3,1533.0,1,2,2,5,At Risk
C01873,7,5,2234.0,5,4,4,13,Champions
C01874,69,5,2314.0,2,4,4,10,Loyal Customers
C01875,111,2,851.0,1,2,1,4,Hibernating
C01876,4,7,3719.0,5,5,5,15,Champions
C01877,42,3,1579.0,3,2,2,7,Potential Loyalists
C01878,39,5,2983.0,3,4,5,12,Loyal Customers
C01879,50,6,3875.0,2,5,5,12,Loyal Customers
C01880,12,4,2604.0,4,3,4,11,Loyal Customers
C01881,126,2,819.0,1,2,1,4,Hibernating
C01883,39,4,2043.0,3,3,3,9,Potential Loyalists
C01884,32,9,5400.0,3,5,5,13,Champions
C01885,18,4,1730.0,4,3,3,10,Loyal Customers
C01886,13,5,1937.0,4,4,3,11,Loyal Customers
C01887,25,8,4019.0,3,5,5,13,Champions
C01888,66,3,1287.0,2,2,2,6,At Risk
C01889,26,3,1509.0,3,2,2,7,Potential Loyalists
C01890,41,5,2189.0,3,4,4,11,Loyal Customers
C01891,0,8,3794.0,5,5,5,15,Champions
C01892,37,4,2715.0,3,3,4,10,Loyal Customers
C01893,126,4,2513.0,1,3,4,8,Potential Loyalists
C01894,54,3,1731.0,2,2,3,7,Potential Loyalists
C01895,120,1,692.0,1,1,1,3,Hibernating
C01896,6,2,754.0,5,2,1,8,Potential Loyalists
C01897,11,6,2762.0,4,5,4,13,Champions
C01898,14,5,2074.0,4,4,3,11,Loyal Customers
C01899,72,8,3975.0,2,5,5,12,Loyal Customers
C01900,162,1,908.0,1,1,1,3,Hibernating
C01901,50,2,1787.0,2,2,3,7,Potential Loyalists
C01902,66,7,4201.0,2,5,5,12,Loyal Customers
C01903,14,4,1985.0,4,3,3,10,Loyal Customers
C01904,19,6,3159.0,4,5,5,14,Champions
C01905,13,4,1819.0,4,3,3,10,Loyal Customers
C01906,101,1,410.0,1,1,1,3,Hibernating
C01907,115,1,246.0,1,1,1,3,Hibernating
C01908,8,6,2581.0,5,5,4,14,Champions
C01909,116,1,1001.0,1,1,1,3,Hibernating
C01910,67,3,1626.0,2,3,3,8,Potential Loyalists
C01911,34,3,2574.0,3,3,4,10,Loyal Customers
C01912,58,4,1856.0,2,3,3,8,Potential Loyalists
C01914,21,4,1801.0,4,3,3,10,Loyal Customers
C01915,3,8,4496.0,5,5,5,15,Champions
C01916,9,5,2340.0,5,4,4,13,Champions
C01917,28,2,965.0,3,2,1,6,At Risk
C01918,59,6,3248.0,2,5,5,12,Loyal Customers
C01919,8,2,1071.0,5,2,2,9,Potential Loyalists
C01920,52,3,1463.0,2,3,2,7,Potential Loyalists
C01921,20,3,1376.0,4,3,2,9,Potential Loyalists
C01922,20,2,1148.0,4,2,2,8,Potential Loyalists
C01923,49,4,2657.0,2,3,4,9,Potential Loyalists
C01924,101,2,685.0,1,2,1,4,Hibernating
C01925,1,5,2602.0,5,4,4,13,Champions
C01926,39,4,2059.0,3,3,3,9,Potential Loyalists
C01927,20,5,1990.0,4,4,3,11,Loyal Customers
C01928,99,3,1621.0,1,3,3,7,Potential Loyalists
C01929,8,2,1243.0,5,2,2,9,Potential Loyalists
C01930,59,5,3029.0,2,4,5,11,Loyal Customers
C01931,118,2,775.0,1,2,1,4,Hibernating
C01932,16,4,2177.0,4,3,4,11,Loyal Customers
C01933,1,9,3628.0,5,5,5,15,Champions
C01934,23,5,2097.0,4,4,3,11,Loyal Customers
C01935,17,7,3030.0,4,5,5,14,Champions
C01936,15,4,1593.0,4,3,2,9,Potential Loyalists
C01937,153,1,375.0,1,1,1,3,Hibernating
C01938,132,3,1839.0,1,3,3,7,Potential Loyalists
C01939,29,4,1594.0,3,3,2,8,Potential Loyalists
C01940,2,5,2588.0,5,4,4,13,Champions
C01941,29,4,3092.0,3,3,5,11,Loyal Customers
C01942,41,4,2163.0,3,3,4,10,Loyal Customers
C01943,61,2,1169.0,2,2,2,6,At Risk
C01944,45,2,811.0,2,2,1,5,At Risk
C01945,15,5,3307.0,4,4,5,13,Champions
C01946,39,2,908.0,3,2,1,6,At Risk
C01947,28,7,3837.0,3,5,5,13,Champions
C01948,30,1,330.0,3,1,1,5,At Risk
C01949,14,4,2030.0,4,3,3,10,Loyal Customers
C01950,70,5,2233.0,2,4,4,10,Loyal Customers
C01951,25,2,685.0,3,2,1,6,At Risk
C01952,56,6,2952.0,2,5,5,12,Loyal Customers
C01953,54,2,1165.0,2,2,2,6,At Risk
C01954,28,2,744.0,3,2,1,6,At Risk
C01955,110,2,1423.0,1,2,2,5,At Risk
C01956,27,4,2100.0,3,3,3,9,Potential Loyalists
C01957,69,2,1877.0,2,2,3,7,Potential Loyalists
C01958,5,7,2242.0,5,5,4,14,Champions
C01959,57,7,3619.0,2,5,5,12,Loyal Customers
C01960,2,3,1194.0,5,3,2,10,Loyal Customers
C01961,36,4,2215.0,3,3,4,10,Loyal Customers
C01962,68,4,1498.0,2,3,2,7,Potential Loyalists
C01963,74,5,2586.0,2,4,4,10,Loyal Customers
C01964,5,5,3348.0,5,4,5,14,Champions
C01965,6,3,2134.0,5,3,3,11,Loyal Customers
C01966,112,2,892.0,1,2,1,4,Hibernating
C01967,67,3,1804.0,2,3,3,8,Potential Loyalists
C01968,32,8,4026.0,3,5,5,13,Champions
C01969,36,6,2630.0,3,5,4,12,Loyal Customers
C01970,47,4,2399.0,2,3,4,9,Potential Loyalists
C01971,62,5,2871.0,2,4,5,11,Loyal Customers
C01972,19,6,2766.0,4,5,4,13,Champions
C01973,19,3,1511.0,4,3,2,9,Potential Loyalists
C01974,4,3,1849.0,5,3,3,11,Loyal Customers
C01975,67,5,2727.0,2,4,4,10,Loyal Customers
C01976,7,4,2750.0,5,3,4,12,Loyal Customers
C01977,24,3,1071.0,4,3,2,9,Potential Loyalists
C01978,27,4,2109.0,3,4,3,10,Loyal Customers
C01979,21,1,371.0,4,1,1,6,At Risk
C01980,5,4,1586.0,5,4,2,11,Loyal Customers
C01981,97,3,2102.0,1,3,3,7,Potential Loyalists
C01982,30,3,1470.0,3,3,2,8,Potential Loyalists
C01983,51,3,1278.0,2,3,2,7,Potential Loyalists
C01984,28,2,1247.0,3,2,2,7,Potential Loyalists
C01985,13,2,1280.0,4,2,2,8,Potential Loyalists
C01986,41,3,1764.0,3,3,3,9,Potential Loyalists
C01987,5,6,3146.0,5,5,5,15,Champions
C01988,132,2,1726.0,1,2,3,6,At Risk
C01989,53,4,2248.0,2,4,4,10,Loyal Customers
C01990,40,5,2310.0,3,4,4,11,Loyal Customers
C01991,37,4,2128.0,3,4,3,10,Loyal Customers
C01992,5,4,2083.0,5,4,3,12,Loyal Customers
C01993,15,3,1737.0,4,3,3,10,Loyal Customers
C01994,68,3,1123.0,2,3,2,7,Potential Loyalists
C01995,8,7,2984.0,5,5,5,15,Champions
C01996,158,1,429.0,1,1,1,3,Hibernating
C01997,18,7,3585.0,4,5,5,14,Champions
C01998,82,2,685.0,1,2,1,4,Hibernating
C01999,48,2,1019.0,2,2,1,5,At Risk
C02000,30,5,3582.0,3,4,5,12,Loyal Customers
C02002,111,1,722.0,1,1,1,3,Hibernating
C02003,112,2,1360.0,1,2,2,5,At Risk
C02004,3,4,2492.0,5,4,4,13,Champions
C02005,64,5,2658.0,2,4,4,10,Loyal Customers
C02006,15,4,2406.0,4,4,4,12,Loyal Customers
C02007,10,5,3764.0,5,4,5,14,Champions
C02008,31,5,2300.0,3,4,4,11,Loyal Customers
C02009,142,2,933.0,1,2,1,4,Hibernating
C02010,5,5,2950.0,5,4,5,14,Champions
C02011,81,3,1877.0,1,3,3,7,Potential Loyalists
C02012,26,4,2089.0,3,4,3,10,Loyal Customers
C02013,29,3,1220.0,3,3,2,8,Potential Loyalists
C02014,5,7,3047.0,5,5,5,15,Champions
C02015,146,1,358.0,1,1,1,3,Hibernating
C02016,83,1,876.0,1,1,1,3,Hibernating
C02017,170,1,884.0,1,1,1,3,Hibernating
C02018,33,3,1567.0,3,3,2,8,Potential Loyalists
C02020,20,8,4447.0,4,5,5,14,Champions
C02021,64,3,1341.0,2,3,2,7,Potential Loyalists
C02022,10,7,3444.0,5,5,5,15,Champions
C02023,24,3,1424.0,4,3,2,9,Potential Loyalists
C02024,3,6,2629.0,5,5,4,14,Champions
C02025,7,6,2595.0,5,5,4,14,Champions
C02026,3,6,3141.0,5,5,5,15,Champions
C02027,152,3,1634.0,1,3,3,7,Potential Loyalists
C02028,5,7,3499.0,5,5,5,15,Champions
C02029,62,4,1822.0,2,4,3,9,Potential Loyalists
C02030,18,4,1877.0,4,4,3,11,Loyal Customers
C02031,26,5,1976.0,3,4,3,10,Loyal Customers
C02032,63,3,1402.0,2,3,2,7,Potential Loyalists
C02033,23,3,868.0,4,3,1,8,Potential Loyalists
C02034,93,2,1612.0,1,2,3,6,At Risk
C02035,1,2,666.0,5,2,1,8,Potential Loyalists
C02036,17,6,3284.0,4,5,5,14,Champions
C02037,0,6,3280.0,5,5,5,15,Champions
C02038,44,2,949.0,2,2,1,5,At Risk
C02039,109,1,306.0,1,1,1,3,Hibernating
C02040,37,4,1576.0,3,4,2,9,Potential Loyalists
C02041,51,2,1412.0,2,2,2,6,At Risk
C02042,75,5,3053.0,1,4,5,10,Loyal Customers
C02043,1,10,3500.0,5,5,5,15,Champions
C02044,99,3,1336.0,1,3,2,6,At Risk
C02045,15,6,3590.0,4,5,5,14,Champions
C02046,31,5,2345.0,3,4,4,11,Loyal Customers
C02047,22,3,2153.0,4,3,4,11,Loyal Customers
C02048,73,3,1104.0,2,3,2,7,Potential Loyalists
C02049,19,4,2535.0,4,4,4,12,Loyal Customers
C02050,57,1,427.0,2,1,1,4,Hibernating
C02051,10,2,780.0,5,2,1,8,Potential Loyalists
C02052,26,5,3163.0,3,4,5,12,Loyal Customers
C02053,8,4,1921.0,5,4,3,12,Loyal Customers
C02054,82,1,365.0,1,1,1,3,Hibernating
C02055,55,4,1914.0,2,4,3,9,Potential Loyalists
C02056,142,2,928.0,1,2,1,4,Hibernating
C02057,20,5,1820.0,4,4,3,11,Loyal Customers
C02058,25,6,3839.0,3,5,5,13,Champions
C02059,10,6,3516.0,5,5,5,15,Champions
C02060,22,2,701.0,4,2,1,7,Potential Loyalists
C02061,32,4,2071.0,3,4,3,10,Loyal Customers
C02062,6,4,1720.0,5,4,3,12,Loyal Customers
C02064,14,6,3086.0,4,5,5,14,Champions
C02066,31,5,2750.0,3,4,4,11,Loyal Customers
C02067,31,3,1366.0,3,3,2,8,Potential Loyalists
C02068,14,2,1215.0,4,2,2,8,Potential Loyalists
C02069,53,5,2905.0,2,4,5,11,Loyal Customers
C02070,22,4,2170.0,4,4,4,12,Loyal Customers
C02071,81,3,1350.0,1,3,2,6,At Risk
C02072,100,3,1380.0,1,3,2,6,At Risk
C02073,49,3,1961.0,2,3,3,8,Potential Loyalists
C02074,32,4,1814.0,3,4,3,10,Loyal Customers
C02075,73,5,1939.0,2,4,3,9,Potential Loyalists
C02076,32,4,2519.0,3,4,4,11,Loyal Customers
C02077,37,2,845.0,3,2,1,6,At Risk
C02078,104,2,907.0,1,2,1,4,Hibernating
C02079,5,6,3254.0,5,5,5,15,Champions
C02080,17,3,3146.0,4,3,5,12,Loyal Customers
C02081,63,6,4421.0,2,5,5,12,Loyal Customers
C02082,110,5,2588.0,1,4,4,9,Potential Loyalists
C02083,7,8,5736.0,5,5,5,15,Champions
C02084,61,4,1665.0,2,4,3,9,Potential Loyalists
C02085,23,5,2747.0,4,4,4,12,Loyal Customers
C02086,37,5,1849.0,3,4,3,10,Loyal Customers
C02087,13,6,2819.0,4,5,5,14,Champions
C02088,34,3,1649.0,3,3,3,9,Potential Loyalists
C02089,63,3,1222.0,2,3,2,7,Potential Loyalists
C02090,13,4,2737.0,4,4,4,12,Loyal Customers
C02091,6,5,2264.0,5,4,4,13,Champions
C02092,71,6,3731.0,2,5,5,12,Loyal Customers
C02093,84,1,374.0,1,1,1,3,Hibernating
C02094,42,4,1473.0,3,4,2,9,Potential Loyalists
C02095,1,6,3174.0,5,5,5,15,Champions
C02096,90,3,1243.0,1,3,2,6,At Risk
C02097,17,5,3555.0,4,4,5,13,Champions
C02098,127,2,1646.0,1,2,3,6,At Risk
C02099,128,4,1889.0,1,4,3,8,Potential Loyalists
C02100,5,7,3952.0,5,5,5,15,Champions
C02101,56,4,1599.0,2,4,3,9,Potential Loyalists
C02102,29,2,1099.0,3,2,2,7,Potential Loyalists
C02103,17,3,1601.0,4,3,3,10,Loyal Customers
C02104,22,4,2713.0,4,4,4,12,Loyal Customers
C02105,26,5,2057.0,3,4,3,10,Loyal Customers
C02106,5,5,2777.0,5,4,4,13,Champions
C02107,7,2,881.0,5,2,1,8,Potential Loyalists
C02108,87,2,956.0,1,2,1,4,Hibernating
C02109,46,3,1376.0,2,3,2,7,Potential Loyalists
C02110,151,4,1852.0,1,4,3,8,Potential Loyalists
C02111,59,1,387.0,2,1,1,4,Hibernating
C02112,29,1,303.0,3,1,1,5,At Risk
C02113,11,4,2741.0,4,4,4,12,Loyal Customers
C02114,15,3,1616.0,4,3,3,10,Loyal Customers
C02115,36,4,1712.0,3,4,3,10,Loyal Customers
C02116,116,1,427.0,1,1,1,3,Hibernating
C02117,123,1,335.0,1,1,1,3,Hibernating
C02118,27,3,1635.0,3,3,3,9,Potential Loyalists
C02119,11,5,2822.0,4,4,5,13,Champions
C02120,37,4,3041.0,3,4,5,12,Loyal Customers
C02121,38,5,1950.0,3,4,3,10,Loyal Customers
C02122,66,2,1109.0,2,2,2,6,At Risk
C02123,36,5,3138.0,3,4,5,12,Loyal Customers
C02124,5,5,3396.0,5,4,5,14,Champions
C02125,1,10,5125.0,5,5,5,15,Champions
C02126,4,4,2191.0,5,4,4,13,Champions
C02127,34,3,1507.0,3,3,2,8,Potential Loyalists
C02128,19,7,3493.0,4,5,5,14,Champions
C02129,103,2,1483.0,1,2,2,5,At Risk
C02130,22,4,1862.0,4,4,3,11,Loyal Customers
C02131,1,9,5321.0,5,5,5,15,Champions
C02132,40,6,2574.0,3,5,4,12,Loyal Customers
C02133,21,5,3062.0,4,4,5,13,Champions
C02134,148,1,531.0,1,1,1,3,Hibernating
C02135,15,10,5015.0,4,5,5,14,Champions
C02137,0,3,1277.0,5,3,2,10,Loyal Customers
C02138,70,2,938.0,2,2,1,5,At Risk
C02139,1,3,1452.0,5,3,2,10,Loyal Customers
C02140,37,4,2456.0,3,4,4,11,Loyal Customers
C02141,46,4,1784.0,2,4,3,9,Potential Loyalists
C02142,33,2,717.0,3,2,1,6,At Risk
C02143,38,6,2998.0,3,5,5,13,Champions
C02144,41,3,1668.0,3,3,3,9,Potential Loyalists
C02145,4,7,2533.0,5,5,4,14,Champions
C02146,1,5,2959.0,5,4,5,14,Champions
C02147,88,2,881.0,1,2,1,4,Hibernating
C02148,1,5,2217.0,5,4,4,13,Champions
C02149,10,3,1355.0,5,3,2,10,Loyal Customers
C02150,11,2,1647.0,4,2,3,9,Potential Loyalists
C02151,66,4,1993.0,2,4,3,9,Potential Loyalists
C02152,1,6,3112.0,5,5,5,15,Champions
C02153,173,1,333.0,1,1,1,3,Hibernating
C02154,45,5,2939.0,2,4,5,11,Loyal Customers
C02155,27,6,2491.0,3,5,4,12,Loyal Customers
C02156,130,1,319.0,1,1,1,3,Hibernating
C02157,13,4,2260.0,4,4,4,12,Loyal Customers
C02158,5,7,4408.0,5,5,5,15,Champions
C02159,90,3,1402.0,1,3,2,6,At Risk
C02160,31,2,854.0,3,2,1,6,At Risk
C02161,6,5,2493.0,5,4,4,13,Champions
C02162,79,5,2308.0,1,4,4,9,Potential Loyalists
C02163,5,4,2377.0,5,4,4,13,Champions
C02164,47,3,1101.0,2,3,2,7,Potential Loyalists
C02165,8,6,3170.0,5,5,5,15,Champions
C02166,26,4,2841.0,3,4,5,12,Loyal Customers
C02167,104,4,2357.0,1,4,4,9,Potential Loyalists
C02168,12,5,2993.0,4,4,5,13,Champions
C02169,8,4,2179.0,5,4,4,13,Champions
C02171,1,6,2488.0,5,5,4,14,Champions
C02172,34,3,2330.0,3,3,4,10,Loyal Customers
C02173,9,3,1065.0,5,3,2,10,Loyal Customers
C02174,20,5,2880.0,4,4,5,13,Champions
C02175,69,3,1740.0,2,3,3,8,Potential Loyalists
C02176,142,3,3007.0,1,3,5,9,Potential Loyalists
C02177,31,5,2425.0,3,4,4,11,Loyal Customers
C02178,24,2,1312.0,4,2,2,8,Potential Loyalists
C02179,25,4,2124.0,3,4,3,10,Loyal Customers
C02180,128,2,611.0,1,2,1,4,Hibernating
C02181,36,2,1269.0,3,2,2,7,Potential Loyalists
C02182,26,6,3371.0,3,5,5,13,Champions
C02183,108,4,2725.0,1,4,4,9,Potential Loyalists
C02184,63,4,2892.0,2,4,5,11,Loyal Customers
C02185,2,9,4752.0,5,5,5,15,Champions
C02186,43,3,1906.0,3,3,3,9,Potential Loyalists
C02187,128,1,441.0,1,1,1,3,Hibernating
C02188,2,6,3401.0,5,5,5,15,Champions
C02189,11,5,3349.0,4,4,5,13,Champions
C02190,66,3,1943.0,2,3,3,8,Potential Loyalists
C02191,87,1,416.0,1,1,1,3,Hibernating
C02192,176,1,543.0,1,1,1,3,Hibernating
C02193,2,4,2236.0,5,4,4,13,Champions
C02194,18,5,2810.0,4,4,5,13,Champions
C02195,7,5,2200.0,5,4,4,13,Champions
C02196,15,7,4166.0,4,5,5,14,Champions
C02197,20,6,2292.0,4,5,4,13,Champions
C02198,151,1,301.0,1,1,1,3,Hibernating
C02199,130,2,817.0,1,2,1,4,Hibernating
C02200,79,1,456.0,1,1,1,3,Hibernating
C02201,3,5,2359.0,5,4,4,13,Champions
C02202,4,1,590.0,5,1,1,7,Potential Loyalists
C02203,48,6,3784.0,2,5,5,12,Loyal Customers
C02204,23,7,3985.0,4,5,5,14,Champions
C02205,1,6,3029.0,5,5,5,15,Champions
C02206,72,4,2001.0,2,4,3,9,Potential Loyalists
C02208,43,2,723.0,3,2,1,6,At Risk
C02209,44,2,1080.0,2,2,2,6,At Risk
C02210,48,4,2230.0,2,4,4,10,Loyal Customers
C02211,5,4,2530.0,5,4,4,13,Champions
C02212,8,2,1053.0,5,2,2,9,Potential Loyalists
C02213,62,3,2009.0,2,3,3,8,Potential Loyalists
C02214,93,1,444.0,1,1,1,3,Hibernating
C02215,16,3,1422.0,4,3,2,9,Potential Loyalists
C02216,91,3,1215.0,1,3,2,6,At Risk
C02217,4,2,844.0,5,2,1,8,Potential Loyalists
C02218,57,2,1052.0,2,2,2,6,At Risk
C02219,6,2,1314.0,5,2,2,9,Potential Loyalists
C02220,36,4,2068.0,3,4,3,10,Loyal Customers
C02221,28,5,2605.0,3,4,4,11,Loyal Customers
C02222,19,4,1492.0,4,4,2,10,Loyal Customers
C02223,4,6,3242.0,5,5,5,15,Champions
C02224,60,1,692.0,2,1,1,4,Hibernating
C02225,25,3,1603.0,3,3,3,9,Potential Loyalists
C02226,63,2,1119.0,2,2,2,6,At Risk
C02227,6,7,3827.0,5,5,5,15,Champions
C02228,25,2,715.0,3,2,1,6,At Risk
C02229,80,4,1878.0,1,4,3,8,Potential Loyalists
C02230,35,5,2910.0,3,4,5,12,Loyal Customers
C02231,52,4,2195.0,2,4,4,10,Loyal Customers
C02232,10,3,2429.0,5,3,4,12,Loyal Customers
C02234,27,5,2908.0,3,4,5,12,Loyal Customers
C02235,6,3,2024.0,5,3,3,11,Loyal Customers
C02236,104,3,1780.0,1,3,3,7,Potential Loyalists
C02237,0,4,2401.0,5,4,4,13,Champions
C02238,0,4,2275.0,5,4,4,13,Champions
C02240,160,1,788.0,1,1,1,3,Hibernating
C02241,162,1,303.0,1,1,1,3,Hibernating
C02242,40,4,2147.0,3,4,4,11,Loyal Customers
C02243,28,3,1535.0,3,3,2,8,Potential Loyalists
C02244,27,3,2028.0,3,3,3,9,Potential Loyalists
C02245,75,2,618.0,1,2,1,4,Hibernating
C02246,60,5,2612.0,2,4,4,10,Loyal Customers
C02247,64,1,502.0,2,1,1,4,Hibernating
C02248,6,6,2328.0,5,5,4,14,Champions
C02249,13,6,3676.0,4,5,5,14,Champions
C02250,116,3,2341.0,1,3,4,8,Potential Loyalists
C02251,100,4,1714.0,1,4,3,8,Potential Loyalists
C02252,98,3,1248.0,1,3,2,6,At Risk
C02253,76,4,2288.0,1,4,4,9,Potential Loyalists
C02254,27,2,651.0,3,2,1,6,At Risk
C02255,80,2,2254.0,1,2,4,7,Potential Loyalists
C02257,10,7,3689.0,5,5,5,15,Champions
C02258,135,1,662.0,1,1,1,3,Hibernating
C02259,75,4,2151.0,1,4,4,9,Potential Loyalists
C02260,35,2,1444.0,3,2,2,7,Potential Loyalists
C02261,1,8,4136.0,5,5,5,15,Champions
C02262,130,1,371.0,1,1,1,3,Hibernating
C02263,64,2,949.0,2,2,1,5,At Risk
C02264,14,6,3065.0,4,5,5,14,Champions
C02265,119,4,2470.0,1,4,4,9,Potential Loyalists
C02266,8,2,1114.0,5,2,2,9,Potential Loyalists
C02267,40,3,1465.0,3,3,2,8,Potential Loyalists
C02268,45,4,1518.0,2,4,2,8,Potential Loyalists
C02269,38,6,2857.0,3,5,5,13,Champions
C02270,33,3,2189.0,3,3,4,10,Loyal Customers
C02271,22,2,735.0,4,2,1,7,Potential Loyalists
C02272,44,3,1335.0,2,3,2,7,Potential Loyalists
C02273,21,8,4513.0,4,5,5,14,Champions
C02274,25,1,348.0,3,1,1,5,At Risk
C02275,74,4,1985.0,2,4,3,9,Potential Loyalists
C02276,35,2,1059.0,3,2,2,7,Potential Loyalists
C02277,111,2,608.0,1,2,1,4,Hibernating
C02278,4,3,1208.0,5,3,2,10,Loyal Customers
C02279,96,5,2417.0,1,4,4,9,Potential Loyalists
C02280,35,4,2365.0,3,4,4,11,Loyal Customers
C02281,0,6,2792.0,5,5,4,14,Champions
C02282,24,7,2656.0,4,5,4,13,Champions
C02283,36,1,505.0,3,1,1,5,At Risk
C02284,73,2,666.0,2,2,1,5,At Risk
C02285,24,3,1272.0,4,3,2,9,Potential Loyalists
C02286,78,3,1327.0,1,3,2,6,At Risk
C02287,20,3,1408.0,4,3,2,9,Potential Loyalists
C02288,27,4,1515.0,3,4,2,9,Potential Loyalists
C02289,49,3,1761.0,2,3,3,8,Potential Loyalists
C02290,44,1,529.0,2,1,1,4,Hibernating
C02291,76,5,2860.0,1,4,5,10,Loyal Customers
C02292,37,3,1686.0,3,3,3,9,Potential Loyalists
C02293,119,2,795.0,1,2,1,4,Hibernating
C02294,39,3,1784.0,3,3,3,9,Potential Loyalists
C02295,36,4,2300.0,3,4,4,11,Loyal Customers
C02296,38,2,644.0,3,2,1,6,At Risk
C02297,3,2,1009.0,5,2,1,8,Potential Loyalists
C02298,9,4,1897.0,5,4,3,12,Loyal Customers
C02299,50,3,1582.0,2,3,2,7,Potential Loyalists
C02300,11,3,1368.0,4,3,2,9,Potential Loyalists
C02301,44,3,1438.0,2,3,2,7,Potential Loyalists
C02302,75,3,1427.0,1,3,2,6,At Risk
C02303,2,4,2017.0,5,4,3,12,Loyal Customers
C02304,8,6,2399.0,5,5,4,14,Champions
C02305,91,2,720.0,1,2,1,4,Hibernating
C02306,73,2,960.0,2,2,1,5,At Risk
C02307,31,6,2550.0,3,5,4,12,Loyal Customers
C02308,130,1,409.0,1,1,1,3,Hibernating
C02309,79,2,523.0,1,2,1,4,Hibernating
C02310,6,5,2551.0,5,4,4,13,Champions
C02311,14,5,2573.0,4,4,4,12,Loyal Customers
C02312,32,1,370.0,3,1,1,5,At Risk
C02313,11,6,3382.0,4,5,5,14,Champions
C02314,14,5,2814.0,4,4,5,13,Champions
C02315,27,4,3153.0,3,4,5,12,Loyal Customers
C02316,24,5,2809.0,4,4,4,12,Loyal Customers
C02317,6,5,2160.0,5,4,4,13,Champions
C02318,7,7,3160.0,5,5,5,15,Champions
C02319,108,2,840.0,1,2,1,4,Hibernating
C02320,12,3,1599.0,4,3,3,10,Loyal Customers
C02321,71,5,2436.0,2,4,4,10,Loyal Customers
C02322,36,5,2607.0,3,4,4,11,Loyal Customers
C02323,17,2,1026.0,4,2,1,7,Potential Loyalists
C02324,4,3,1718.0,5,3,3,11,Loyal Customers
C02326,36,3,1621.0,3,3,3,9,Potential Loyalists
C02327,21,3,2170.0,4,3,4,11,Loyal Customers
C02328,26,7,2759.0,3,5,4,12,Loyal Customers
C02329,156,1,450.0,1,1,1,3,Hibernating
C02330,16,3,1813.0,4,3,3,10,Loyal Customers
C02331,35,3,1692.0,3,3,3,9,Potential Loyalists
C02332,41,2,688.0,3,2,1,6,At Risk
C02333,17,3,1366.0,4,3,2,9,Potential Loyalists
C02334,3,5,2801.0,5,4,4,13,Champions
C02335,13,4,2036.0,4,4,3,11,Loyal Customers
C02336,18,3,1204.0,4,3,2,9,Potential Loyalists
C02337,19,5,2915.0,4,4,5,13,Champions
C02339,76,3,1812.0,1,3,3,7,Potential Loyalists
C02340,23,3,1197.0,4,3,2,9,Potential Loyalists
C02341,55,6,2404.0,2,5,4,11,Loyal Customers
C02342,27,3,1754.0,3,3,3,9,Potential Loyalists
C02343,12,3,1278.0,4,3,2,9,Potential Loyalists
C02344,62,2,1025.0,2,2,1,5,At Risk
C02345,17,2,1157.0,4,2,2,8,Potential Loyalists
C02346,6,2,1021.0,5,2,1,8,Potential Loyalists
C02347,11,3,1639.0,4,3,3,10,Loyal Customers
C02348,3,4,2013.0,5,4,3,12,Loyal Customers
C02349,47,3,2047.0,2,3,3,8,Potential Loyalists
C02350,10,5,3029.0,5,4,5,14,Champions
C02351,28,4,1900.0,3,4,3,10,Loyal Customers
C02352,78,4,2379.0,1,4,4,9,Potential Loyalists
C02353,96,3,964.0,1,3,1,5,At Risk
C02354,28,6,2901.0,3,5,5,13,Champions
C02355,59,5,2007.0,2,4,3,9,Potential Loyalists
C02356,60,2,1170.0,2,2,2,6,At Risk
C02357,21,4,2160.0,4,4,4,12,Loyal Customers
C02358,4,5,2546.0,5,4,4,13,Champions
C02359,31,5,2084.0,3,4,3,10,Loyal Customers
C02360,45,7,3336.0,2,5,5,12,Loyal Customers
C02361,23,3,1236.0,4,3,2,9,Potential Loyalists
C02362,11,4,2899.0,4,4,5,13,Champions
C02363,4,7,3624.0,5,5,5,15,Champions
C02364,19,3,1380.0,4,3,2,9,Potential Loyalists
C02365,15,9,3725.0,4,5,5,14,Champions
C02366,0,3,1890.0,5,3,3,11,Loyal Customers
C02367,55,5,2389.0,2,4,4,10,Loyal Customers
C02368,29,6,2897.0,3,5,5,13,Champions
C02369,153,1,695.0,1,1,1,3,Hibernating
C02370,171,1,519.0,1,1,1,3,Hibernating
C02371,40,5,2187.0,3,4,4,11,Loyal Customers
C02372,81,5,3458.0,1,4,5,10,Loyal Customers
C02373,3,5,2374.0,5,4,4,13,Champions
C02374,20,3,1400.0,4,3,2,9,Potential Loyalists
C02375,7,6,3925.0,5,5,5,15,Champions
C02376,3,4,2221.0,5,4,4,13,Champions
C02377,43,4,2830.0,3,4,5,12,Loyal Customers
C02378,37,6,2993.0,3,5,5,13,Champions
C02379,28,3,1270.0,3,3,2,8,Potential Loyalists
C02380,76,5,2914.0,1,4,5,10,Loyal Customers
C02381,11,6,2922.0,4,5,5,14,Champions
C02382,87,2,674.0,1,2,1,4,Hibernating
C02383,56,2,1078.0,2,2,2,6,At Risk
C02384,161,1,464.0,1,1,1,3,Hibernating
C02385,56,3,1553.0,2,3,2,7,Potential Loyalists
C02386,131,2,708.0,1,2,1,4,Hibernating
C02387,14,6,2844.0,4,5,5,14,Champions
C02388,84,4,1414.0,1,4,2,7,Potential Loyalists
C02389,0,5,2602.0,5,4,4,13,Champions
C02390,12,7,3350.0,4,5,5,14,Champions
C02391,10,12,5744.0,5,5,5,15,Champions
C02392,37,8,4357.0,3,5,5,13,Champions
C02393,54,7,2824.0,2,5,5,12,Loyal Customers
C02394,115,3,1883.0,1,3,3,7,Potential Loyalists
C02395,0,5,3355.0,5,4,5,14,Champions
C02396,96,3,1861.0,1,3,3,7,Potential Loyalists
C02397,78,3,1797.0,1,3,3,7,Potential Loyalists
C02398,46,4,2170.0,2,4,4,10,Loyal Customers
C02399,51,10,5121.0,2,5,5,12,Loyal Customers
C02401,39,4,2244.0,3,4,4,11,Loyal Customers
C02402,18,2,847.0,4,2,1,7,Potential Loyalists
C02403,4,5,3422.0,5,4,5,14,Champions
C02404,59,3,1421.0,2,3,2,7,Potential Loyalists
C02405,31,8,3993.0,3,5,5,13,Champions
C02406,26,6,2429.0,3,5,4,12,Loyal Customers
C02407,112,2,992.0,1,2,1,4,Hibernating
C02408,82,4,2215.0,1,4,4,9,Potential Loyalists
C02409,12,5,2693.0,4,4,4,12,Loyal Customers
C02410,11,6,2797.0,4,5,4,13,Champions
C02411,19,5,2183.0,4,4,4,12,Loyal Customers
C02412,3,3,2051.0,5,3,3,11,Loyal Customers
C02413,73,4,1600.0,2,4,3,9,Potential Loyalists
C02414,59,3,2331.0,2,3,4,9,Potential Loyalists
C02415,25,11,6415.0,3,5,5,13,Champions
C02416,14,6,3208.0,4,5,5,14,Champions
C02417,50,5,3252.0,2,4,5,11,Loyal Customers
C02418,25,2,1480.0,3,2,2,7,Potential Loyalists
C02419,24,4,2254.0,4,4,4,12,Loyal Customers
C02420,63,3,1366.0,2,3,2,7,Potential Loyalists
C02421,24,5,2487.0,4,4,4,12,Loyal Customers
C02422,20,5,2099.0,4,4,3,11,Loyal Customers
C02423,89,7,2865.0,1,5,5,11,Loyal Customers
C02424,43,4,1513.0,3,4,2,9,Potential Loyalists
C02425,36,6,3225.0,3,5,5,13,Champions
C02426,43,3,1188.0,3,3,2,8,Potential Loyalists
C02427,13,4,2332.0,4,4,4,12,Loyal Customers
C02428,77,4,1961.0,1,4,3,8,Potential Loyalists
C02429,5,5,2086.0,5,4,3,12,Loyal Customers
C02430,81,2,901.0,1,2,1,4,Hibernating
C02431,14,5,2171.0,4,4,4,12,Loyal Customers
C02432,33,8,3196.0,3,5,5,13,Champions
C02433,112,5,2152.0,1,4,4,9,Potential Loyalists
C02435,12,6,3729.0,4,5,5,14,Champions
C02436,23,5,2316.0,4,4,4,12,Loyal Customers
C02437,2,6,2703.0,5,5,4,14,Champions
C02438,57,3,1166.0,2,3,2,7,Potential Loyalists
C02439,36,3,1676.0,3,3,3,9,Potential Loyalists
C02440,22,5,3017.0,4,4,5,13,Champions
C02441,82,5,2393.0,1,4,4,9,Potential Loyalists
C02442,40,4,1593.0,3,4,2,9,Potential Loyalists
C02443,95,5,2477.0,1,4,4,9,Potential Loyalists
C02444,64,2,852.0,2,2,1,5,At Risk
C02445,1,4,2459.0,5,4,4,13,Champions
C02446,25,2,1109.0,3,2,2,7,Potential Loyalists
C02447,31,8,4136.0,3,5,5,13,Champions
C02448,63,3,1510.0,2,3,2,7,Potential Loyalists
C02449,8,1,231.0,5,1,1,7,Potential Loyalists
C02450,46,5,2177.0,2,4,4,10,Loyal Customers
C02451,42,3,1563.0,3,3,2,8,Potential Loyalists
C02452,19,5,2802.0,4,4,4,12,Loyal Customers
C02453,5,1,387.0,5,1,1,7,Potential Loyalists
C02454,41,4,2601.0,3,4,4,11,Loyal Customers
C02455,69,5,2225.0,2,4,4,10,Loyal Customers
C02456,104,4,2013.0,1,4,3,8,Potential Loyalists
C02457,54,4,1840.0,2,4,3,9,Potential Loyalists
C02458,54,3,1887.0,2,3,3,8,Potential Loyalists
C02459,33,1,445.0,3,1,1,5,At Risk
C02460,65,3,1574.0,2,3,2,7,Potential Loyalists
C02461,35,6,3027.0,3,5,5,13,Champions
C02462,23,2,967.0,4,2,1,7,Potential Loyalists
C02463,85,4,2019.0,1,4,3,8,Potential Loyalists
C02464,5,4,1700.0,5,4,3,12,Loyal Customers
C02465,3,1,374.0,5,1,1,7,Potential Loyalists
C02466,38,1,387.0,3,1,1,5,At Risk
C02467,21,5,2805.0,4,4,4,12,Loyal Customers
C02468,14,5,3166.0,4,4,5,13,Champions
C02469,38,9,5516.0,3,5,5,13,Champions
C02470,58,2,875.0,2,2,1,5,At Risk
C02471,30,4,2340.0,3,4,4,11,Loyal Customers
C02472,39,5,1940.0,3,4,3,10,Loyal Customers
C02473,3,3,1412.0,5,3,2,10,Loyal Customers
C02474,3,2,981.0,5,2,1,8,Potential Loyalists
C02475,90,3,1605.0,1,3,3,7,Potential Loyalists
C02476,120,1,699.0,1,1,1,3,Hibernating
C02477,165,1,338.0,1,1,1,3,Hibernating
C02478,7,3,1200.0,5,3,2,10,Loyal Customers
C02479,21,4,2205.0,4,4,4,12,Loyal Customers
C02480,78,3,1093.0,1,3,2,6,At Risk
C02481,19,3,1322.0,4,3,2,9,Potential Loyalists
C02482,7,7,3757.0,5,5,5,15,Champions
C02483,50,3,976.0,2,3,1,6,At Risk
C02484,5,6,3089.0,5,5,5,15,Champions
C02485,79,2,709.0,1,2,1,4,Hibernating
C02486,35,3,1320.0,3,3,2,8,Potential Loyalists
C02488,95,1,424.0,1,1,1,3,Hibernating
C02490,10,3,1543.0,5,3,2,10,Loyal Customers
C02491,16,2,671.0,4,2,1,7,Potential Loyalists
C02492,1,4,1812.0,5,4,3,12,Loyal Customers
C02493,9,7,3226.0,5,5,5,15,Champions
C02494,15,3,1891.0,4,3,3,10,Loyal Customers
C02495,82,1,315.0,1,1,1,3,Hibernating
C02496,12,5,2875.0,4,4,5,13,Champions
C02497,44,1,491.0,2,1,1,4,Hibernating
C02498,48,3,873.0,2,3,1,6,At Risk
C02499,17,6,3834.0,4,5,5,14,Champions
C02500,12,6,2653.0,4,5,4,13,Champions
C02501,46,4,2302.0,2,4,4,10,Loyal Customers
C02502,50,5,1988.0,2,4,3,9,Potential Loyalists
C02503,3,4,2053.0,5,4,3,12,Loyal Customers
C02504,5,8,4781.0,5,5,5,15,Champions
C02505,0,4,2212.0,5,4,4,13,Champions
C02506,21,5,2316.0,4,4,4,12,Loyal Customers
C02507,84,1,527.0,1,1,1,3,Hibernating
C02508,88,2,949.0,1,2,1,4,Hibernating
C02509,30,5,3409.0,3,4,5,12,Loyal Customers
C02510,22,4,1355.0,4,4,2,10,Loyal Customers
C02511,10,6,3103.0,5,5,5,15,Champions
C02512,32,7,3806.0,3,5,5,13,Champions
C02513,147,1,660.0,1,1,1,3,Hibernating
C02514,24,5,2243.0,4,4,4,12,Loyal Customers
C02515,28,1,530.0,3,1,1,5,At Risk
C02516,18,5,3716.0,4,4,5,13,Champions
C02517,24,5,2730.0,4,4,4,12,Loyal Customers
C02518,142,2,1182.0,1,2,2,5,At Risk
C02519,38,5,2333.0,3,4,4,11,Loyal Customers
C02520,3,5,2176.0,5,4,4,13,Champions
C02521,15,4,2474.0,4,4,4,12,Loyal Customers
C02522,131,1,531.0,1,1,1,3,Hibernating
C02523,31,5,2636.0,3,4,4,11,Loyal Customers
C02524,96,3,1653.0,1,3,3,7,Potential Loyalists
C02525,7,6,2727.0,5,5,4,14,Champions
C02526,121,3,1374.0,1,3,2,6,At Risk
C02527,108,3,1387.0,1,3,2,6,At Risk
C02528,44,1,451.0,2,1,1,4,Hibernating
C02529,13,2,959.0,4,2,1,7,Potential Loyalists
C02530,5,5,2071.0,5,4,3,12,Loyal Customers
C02531,51,4,1702.0,2,4,3,9,Potential Loyalists
C02532,13,3,1299.0,4,3,2,9,Potential Loyalists
C02533,100,1,346.0,1,1,1,3,Hibernating
C02534,26,7,3803.0,3,5,5,13,Champions
C02535,3,8,4620.0,5,5,5,15,Champions
C02536,37,4,2002.0,3,4,3,10,Loyal Customers
C02537,34,6,3110.0,3,5,5,13,Champions
C02539,7,7,3334.0,5,5,5,15,Champions
C02540,74,3,1399.0,2,3,2,7,Potential Loyalists
C02541,74,3,1309.0,2,3,2,7,Potential Loyalists
C02542,100,1,245.0,1,1,1,3,Hibernating
C02543,28,3,1527.0,3,3,2,8,Potential Loyalists
C02544,5,4,2018.0,5,4,3,12,Loyal Customers
C02545,9,7,4619.0,5,5,5,15,Champions
C02546,14,4,1859.0,4,4,3,11,Loyal Customers
C02547,6,6,2569.0,5,5,4,14,Champions
C02548,29,5,3623.0,3,4,5,12,Loyal Customers
C02549,23,3,1360.0,4,3,2,9,Potential Loyalists
C02550,34,6,3487.0,3,5,5,13,Champions
C02551,28,3,1584.0,3,3,2,8,Potential Loyalists
C02552,77,5,2032.0,1,4,3,8,Potential Loyalists
C02553,104,3,1147.0,1,3,2,6,At Risk
C02554,9,6,3555.0,5,5,5,15,Champions
C02556,21,6,2779.0,4,5,4,13,Champions
C02557,10,7,3323.0,5,5,5,15,Champions
C02558,12,2,1236.0,4,2,2,8,Potential Loyalists
C02559,47,4,1744.0,2,4,3,9,Potential Loyalists
C02560,17,4,2649.0,4,4,4,12,Loyal Customers
C02561,11,5,2702.0,4,4,4,12,Loyal Customers
C02562,44,2,1323.0,2,2,2,6,At Risk
C02563,143,1,241.0,1,1,1,3,Hibernating
C02564,62,5,3656.0,2,4,5,11,Loyal Customers
C02565,20,4,2215.0,4,4,4,12,Loyal Customers
C02566,38,5,2414.0,3,4,4,11,Loyal Customers
C02567,35,3,1355.0,3,3,2,8,Potential Loyalists
C02568,64,2,979.0,2,2,1,5,At Risk
C02569,28,7,3828.0,3,5,5,13,Champions
C02570,3,7,4937.0,5,5,5,15,Champions
C02571,70,3,1099.0,2,3,2,7,Potential Loyalists
C02572,8,5,3204.0,5,4,5,14,Champions
C02573,12,4,1744.0,4,4,3,11,Loyal Customers
C02574,104,3,1191.0,1,3,2,6,At Risk
C02575,11,4,2707.0,4,4,4,12,Loyal Customers
C02576,30,11,6600.0,3,5,5,13,Champions
C02577,10,6,3396.0,5,5,5,15,Champions
C02578,62,4,1829.0,2,4,3,9,Potential Loyalists
C02579,37,5,2390.0,3,4,4,11,Loyal Customers
C02580,30,3,1754.0,3,3,3,9,Potential Loyalists
C02581,21,6,2833.0,4,5,5,14,Champions
C02582,50,3,1627.0,2,3,3,8,Potential Loyalists
C02583,7,5,3689.0,5,4,5,14,Champions
C02584,80,7,2814.0,1,5,5,11,Loyal Customers
C02585,65,2,917.0,2,2,1,5,At Risk
C02586,2,6,3531.0,5,5,5,15,Champions
C02587,26,3,1279.0,3,3,2,8,Potential Loyalists
C02588,17,2,1188.0,4,2,2,8,Potential Loyalists
C02589,14,8,4729.0,4,5,5,14,Champions
C02590,99,5,2299.0,1,4,4,9,Potential Loyalists
C02591,9,4,2848.0,5,4,5,14,Champions
C02592,74,5,2467.0,2,4,4,10,Loyal Customers
C02593,50,4,2179.0,2,4,4,10,Loyal Customers
C02594,87,1,845.0,1,1,1,3,Hibernating
C02595,22,6,3882.0,4,5,5,14,Champions
C02596,26,6,2517.0,3,5,4,12,Loyal Customers
C02597,9,9,4385.0,5,5,5,15,Champions
C02598,3,2,1349.0,5,2,2,9,Potential Loyalists
C02599,100,3,1666.0,1,3,3,7,Potential Loyalists
C02600,21,1,690.0,4,1,1,6,At Risk
C02601,110,3,1333.0,1,3,2,6,At Risk
C02602,46,2,1235.0,2,2,2,6,At Risk
C02603,3,4,1595.0,5,4,2,11,Loyal Customers
C02604,84,5,2436.0,1,4,4,9,Potential Loyalists
C02605,29,5,2423.0,3,4,4,11,Loyal Customers
C02606,137,3,1851.0,1,3,3,7,Potential Loyalists
C02607,156,1,536.0,1,1,1,3,Hibernating
C02608,48,4,1948.0,2,4,3,9,Potential Loyalists
C02609,0,4,2034.0,5,4,3,12,Loyal Customers
C02610,9,7,3688.0,5,5,5,15,Champions
C02611,0,3,1264.0,5,3,2,10,Loyal Customers
C02612,48,3,1205.0,2,3,2,7,Potential Loyalists
C02613,29,6,2934.0,3,5,5,13,Champions
C02614,14,3,1452.0,4,3,2,9,Potential Loyalists
C02615,69,2,604.0,2,2,1,5,At Risk
C02616,2,2,1011.0,5,2,1,8,Potential Loyalists
C02617,5,4,1667.0,5,4,3,12,Loyal Customers
C02618,34,9,4275.0,3,5,5,13,Champions
C02619,46,4,1593.0,2,4,2,8,Potential Loyalists
C02620,42,5,1914.0,3,4,3,10,Loyal Customers
C02621,108,8,3911.0,1,5,5,11,Loyal Customers
C02622,114,4,2033.0,1,4,3,8,Potential Loyalists
C02623,1,2,943.0,5,2,1,8,Potential Loyalists
C02624,1,6,3102.0,5,5,5,15,Champions
C02625,1,3,1242.0,5,3,2,10,Loyal Customers
C02626,36,7,3359.0,3,5,5,13,Champions
C02627,13,6,3333.0,4,5,5,14,Champions
C02628,3,3,1542.0,5,3,2,10,Loyal Customers
C02629,109,2,1161.0,1,2,2,5,At Risk
C02630,5,4,2729.0,5,4,4,13,Champions
C02631,74,4,2066.0,2,4,3,9,Potential Loyalists
C02632,43,3,779.0,3,3,1,7,Potential Loyalists
C02633,42,2,956.0,3,2,1,6,At Risk
C02634,24,9,3944.0,4,5,5,14,Champions
C02635,162,1,454.0,1,1,1,3,Hibernating
C02636,15,6,3572.0,4,5,5,14,Champions
C02637,115,2,1327.0,1,2,2,5,At Risk
C02638,30,4,2390.0,3,4,4,11,Loyal Customers
C02639,14,2,1384.0,4,2,2,8,Potential Loyalists
C02640,35,3,1622.0,3,3,3,9,Potential Loyalists
C02641,12,4,1617.0,4,4,3,11,Loyal Customers
C02642,5,7,3552.0,5,5,5,15,Champions
C02643,17,5,2365.0,4,4,4,12,Loyal Customers
C02644,13,2,772.0,4,2,1,7,Potential Loyalists
C02645,66,5,2287.0,2,4,4,10,Loyal Customers
C02646,38,2,727.0,3,2,1,6,At Risk
C02647,63,3,1197.0,2,3,2,7,Potential Loyalists
C02648,78,3,1985.0,1,3,3,7,Potential Loyalists
C02649,14,5,2396.0,4,4,4,12,Loyal Customers
C02650,108,2,665.0,1,2,1,4,Hibernating
C02651,76,3,1798.0,1,3,3,7,Potential Loyalists
C02652,43,1,428.0,3,1,1,5,At Risk
C02653,118,2,1137.0,1,2,2,5,At Risk
C02654,2,6,2414.0,5,5,4,14,Champions
C02655,44,3,2255.0,2,3,4,9,Potential Loyalists
C02656,127,3,1674.0,1,3,3,7,Potential Loyalists
C02657,31,4,1331.0,3,4,2,9,Potential Loyalists
C02658,70,2,868.0,2,2,1,5,At Risk
C02659,12,3,1688.0,4,3,3,10,Loyal Customers
C02660,2,6,3203.0,5,5,5,15,Champions
C02661,175,1,364.0,1,1,1,3,Hibernating
C02662,74,3,2425.0,2,3,4,9,Potential Loyalists
C02663,3,8,5447.0,5,5,5,15,Champions
C02664,15,1,378.0,4,1,1,6,At Risk
C02665,20,5,1885.0,4,4,3,11,Loyal Customers
C02666,39,6,2152.0,3,5,4,12,Loyal Customers
C02667,30,4,1862.0,3,4,3,10,Loyal Customers
C02668,14,3,960.0,4,3,1,8,Potential Loyalists
C02669,72,3,1533.0,2,3,2,7,Potential Loyalists
C02670,91,2,809.0,1,2,1,4,Hibernating
C02671,30,5,2463.0,3,4,4,11,Loyal Customers
C02672,18,5,2496.0,4,4,4,12,Loyal Customers
C02673,21,4,1663.0,4,4,3,11,Loyal Customers
C02674,8,3,2205.0,5,3,4,12,Loyal Customers
C02675,2,5,2012.0,5,4,3,12,Loyal Customers
C02676,14,3,1444.0,4,3,2,9,Potential Loyalists
C02677,77,2,972.0,1,2,1,4,Hibernating
C02678,5,3,2614.0,5,3,4,12,Loyal Customers
C02679,2,1,1194.0,5,1,2,8,Potential Loyalists
C02680,33,5,2776.0,3,4,4,11,Loyal Customers
C02681,56,7,3705.0,2,5,5,12,Loyal Customers
C02682,59,4,2266.0,2,4,4,10,Loyal Customers
C02683,17,4,1653.0,4,4,3,11,Loyal Customers
C02684,47,4,1265.0,2,4,2,8,Potential Loyalists
C02685,39,6,2854.0,3,5,5,13,Champions
C02686,40,2,817.0,3,2,1,6,At Risk
C02687,1,3,1547.0,5,3,2,10,Loyal Customers
C02688,9,7,2759.0,5,5,4,14,Champions
C02689,144,2,1227.0,1,2,2,5,At Risk
C02690,28,3,2562.0,3,3,4,10,Loyal Customers
C02691,5,5,2116.0,5,4,3,12,Loyal Customers
C02692,40,3,1207.0,3,3,2,8,Potential Loyalists
C02693,2,2,854.0,5,2,1,8,Potential Loyalists
C02694,52,2,970.0,2,2,1,5,At Risk
C02695,109,6,3322.0,1,5,5,11,Loyal Customers
C02696,45,2,957.0,2,2,1,5,At Risk
C02697,87,2,1060.0,1,2,2,5,At Risk
C02698,81,1,644.0,1,1,1,3,Hibernating
C02699,35,5,2219.0,3,4,4,11,Loyal Customers
C02700,9,6,3557.0,5,5,5,15,Champions
C02701,18,6,3545.0,4,5,5,14,Champions
C02702,19,8,4296.0,4,5,5,14,Champions
C02703,30,5,2584.0,3,4,4,11,Loyal Customers
C02704,5,6,2014.0,5,5,3,13,Champions
C02705,12,6,3381.0,4,5,5,14,Champions
C02706,51,4,2043.0,2,4,3,9,Potential Loyalists
C02707,69,3,1219.0,2,3,2,7,Potential Loyalists
C02708,47,3,1224.0,2,3,2,7,Potential Loyalists
C02709,50,5,2428.0,2,4,4,10,Loyal Customers
C02710,50,3,1441.0,2,3,2,7,Potential Loyalists
C02711,21,5,2829.0,4,4,5,13,Champions
C02712,31,5,1880.0,3,4,3,10,Loyal Customers
C02713,4,1,598.0,5,1,1,7,Potential Loyalists
C02714,59,2,856.0,2,2,1,5,At Risk
C02715,3,7,4034.0,5,5,5,15,Champions
C02716,14,4,1984.0,4,4,3,11,Loyal Customers
C02717,5,4,2790.0,5,4,4,13,Champions
C02718,113,2,1184.0,1,2,2,5,At Risk
C02719,4,3,1715.0,5,3,3,11,Loyal Customers
C02720,34,6,3820.0,3,5,5,13,Champions
C02721,38,3,1254.0,3,3,2,8,Potential Loyalists
C02722,1,7,3752.0,5,5,5,15,Champions
C02723,26,2,908.0,3,2,1,6,At Risk
C02724,83,3,2367.0,1,3,4,8,Potential Loyalists
C02725,69,3,1527.0,2,3,2,7,Potential Loyalists
C02726,15,2,1056.0,4,2,2,8,Potential Loyalists
C02727,43,6,2423.0,3,5,4,12,Loyal Customers
C02728,35,7,3602.0,3,5,5,13,Champions
C02729,17,5,2533.0,4,4,4,12,Loyal Customers
C02730,172,1,510.0,1,1,1,3,Hibernating
C02731,86,2,623.0,1,2,1,4,Hibernating
C02732,19,4,2442.0,4,4,4,12,Loyal Customers
C02733,36,6,2397.0,3,5,4,12,Loyal Customers
C02734,53,2,904.0,2,2,1,5,At Risk
C02735,7,4,1975.0,5,4,3,12,Loyal Customers
C02736,90,3,1128.0,1,3,2,6,At Risk
C02737,118,1,502.0,1,1,1,3,Hibernating
C02738,15,6,2823.0,4,5,5,14,Champions
C02739,18,5,2844.0,4,4,5,13,Champions
C02740,30,4,2118.0,3,4,3,10,Loyal Customers
C02741,44,4,1502.0,2,4,2,8,Potential Loyalists
C02742,103,1,489.0,1,1,1,3,Hibernating
C02743,22,4,2453.0,4,4,4,12,Loyal Customers
C02745,31,3,1845.0,3,3,3,9,Potential Loyalists
C02746,94,2,973.0,1,2,1,4,Hibernating
C02747,23,6,2690.0,4,5,4,13,Champions
C02748,19,2,871.0,4,2,1,7,Potential Loyalists
C02749,57,5,2816.0,2,4,5,11,Loyal Customers
C02750,7,5,2236.0,5,4,4,13,Champions
C02751,17,4,2181.0,4,4,4,12,Loyal Customers
C02752,10,6,2608.0,5,5,4,14,Champions
C02753,30,4,2087.0,3,4,3,10,Loyal Customers
C02754,69,2,794.0,2,2,1,5,At Risk
C02755,11,4,2029.0,4,4,3,11,Loyal Customers
C02756,69,4,1715.0,2,4,3,9,Potential Loyalists
C02757,45,2,876.0,2,2,1,5,At Risk
C02758,131,1,546.0,1,1,1,3,Hibernating
C02759,30,2,1107.0,3,2,2,7,Potential Loyalists
C02760,63,1,478.0,2,1,1,4,Hibernating
C02761,58,2,1075.0,2,2,2,6,At Risk
C02762,72,3,2089.0,2,3,3,8,Potential Loyalists
C02763,10,5,2269.0,5,4,4,13,Champions
C02764,50,3,1573.0,2,3,2,7,Potential Loyalists
C02765,13,7,2682.0,4,5,4,13,Champions
C02766,17,5,3178.0,4,4,5,13,Champions
C02767,38,3,2285.0,3,3,4,10,Loyal Customers
C02768,15,4,2415.0,4,4,4,12,Loyal Customers
C02769,12,4,2253.0,4,4,4,12,Loyal Customers
C02770,27,5,3647.0,3,4,5,12,Loyal Customers
C02771,33,5,2541.0,3,4,4,11,Loyal Customers
C02772,23,4,2188.0,4,4,4,12,Loyal Customers
C02774,73,8,3295.0,2,5,5,12,Loyal Customers
C02775,27,3,1934.0,3,3,3,9,Potential Loyalists
C02776,102,2,1070.0,1,2,2,5,At Risk
C02777,1,5,2278.0,5,4,4,13,Champions
C02778,48,2,886.0,2,2,1,5,At Risk
C02779,83,2,836.0,1,2,1,4,Hibernating
C02780,69,4,2146.0,2,4,4,10,Loyal Customers
C02781,37,5,1963.0,3,5,3,11,Loyal Customers
C02782,0,1,694.0,5,1,1,7,Potential Loyalists
C02783,9,6,2804.0,5,5,4,14,Champions
C02784,20,4,2095.0,4,4,3,11,Loyal Customers
C02785,97,5,2461.0,1,5,4,10,Loyal Customers
C02786,40,4,2269.0,3,4,4,11,Loyal Customers
C02787,78,2,1353.0,1,2,2,5,At Risk
C02788,23,5,1805.0,4,5,3,12,Loyal Customers
C02789,7,7,3105.0,5,5,5,15,Champions
C02790,2,4,2031.0,5,4,3,12,Loyal Customers
C02791,18,6,3515.0,4,5,5,14,Champions
C02793,39,1,402.0,3,1,1,5,At Risk
C02794,36,4,2173.0,3,4,4,11,Loyal Customers
C02795,180,1,783.0,1,1,1,3,Hibernating
C02796,28,2,1355.0,3,2,2,7,Potential Loyalists
C02797,8,6,2795.0,5,5,4,14,Champions
C02798,70,5,3659.0,2,5,5,12,Loyal Customers
C02799,15,2,958.0,4,2,1,7,Potential Loyalists
C02800,98,2,1101.0,1,2,2,5,At Risk
C02801,56,2,1103.0,2,2,2,6,At Risk
C02802,81,6,3121.0,1,5,5,11,Loyal Customers
C02803,8,4,1650.0,5,4,3,12,Loyal Customers
C02804,20,6,3752.0,4,5,5,14,Champions
C02805,61,7,3352.0,2,5,5,12,Loyal Customers
C02806,47,3,1611.0,2,3,3,8,Potential Loyalists
C02807,4,5,2616.0,5,5,4,14,Champions
C02808,27,3,2171.0,3,3,4,10,Loyal Customers
C02809,9,9,4424.0,5,5,5,15,Champions
C02810,44,3,1183.0,2,3,2,7,Potential Loyalists
C02811,36,3,1849.0,3,3,3,9,Potential Loyalists
C02812,26,5,2977.0,3,5,5,13,Champions
C02813,20,7,3680.0,4,5,5,14,Champions
C02814,61,5,2672.0,2,5,4,11,Loyal Customers
C02815,49,2,847.0,2,2,1,5,At Risk
C02816,55,12,6981.0,2,5,5,12,Loyal Customers
C02817,26,1,398.0,3,1,1,5,At Risk
C02818,0,6,3288.0,5,5,5,15,Champions
C02819,55,3,1451.0,2,3,2,7,Potential Loyalists
C02820,17,3,1560.0,4,3,2,9,Potential Loyalists
C02821,9,4,1841.0,5,4,3,12,Loyal Customers
C02822,16,3,1361.0,4,3,2,9,Potential Loyalists
C02823,85,4,1405.0,1,4,2,7,Potential Loyalists
C02824,68,3,1407.0,2,3,2,7,Potential Loyalists
C02825,34,5,1836.0,3,5,3,11,Loyal Customers
C02826,18,4,2092.0,4,4,3,11,Loyal Customers
C02827,119,1,365.0,1,1,1,3,Hibernating
C02828,88,3,1386.0,1,3,2,6,At Risk
C02829,143,1,616.0,1,1,1,3,Hibernating
C02830,42,2,797.0,3,2,1,6,At Risk
C02831,143,1,791.0,1,1,1,3,Hibernating
C02832,49,2,921.0,2,2,1,5,At Risk
C02833,2,5,2829.0,5,5,5,15,Champions
C02834,21,2,1062.0,4,2,2,8,Potential Loyalists
C02835,60,3,1676.0,2,3,3,8,Potential Loyalists
C02836,49,1,785.0,2,1,1,4,Hibernating
C02837,22,2,1085.0,4,2,2,8,Potential Loyalists
C02838,23,2,1148.0,4,2,2,8,Potential Loyalists
C02839,12,12,7392.0,4,5,5,14,Champions
C02840,180,1,471.0,1,1,1,3,Hibernating
C02841,36,3,1550.0,3,3,2,8,Potential Loyalists
C02842,9,8,4168.0,5,5,5,15,Champions
C02843,28,3,1749.0,3,3,3,9,Potential Loyalists
C02844,15,5,3859.0,4,5,5,14,Champions
C02845,22,6,3201.0,4,5,5,14,Champions
C02846,53,1,472.0,2,1,1,4,Hibernating
C02847,52,5,1831.0,2,5,3,10,Loyal Customers
C02848,11,4,1979.0,4,4,3,11,Loyal Customers
C02849,29,5,3399.0,3,5,5,13,Champions
C02850,1,2,989.0,5,2,1,8,Potential Loyalists
C02851,55,2,875.0,2,2,1,5,At Risk
C02852,24,5,2875.0,4,5,5,14,Champions
C02853,2,4,2130.0,5,4,3,12,Loyal Customers
C02854,44,4,2551.0,2,4,4,10,Loyal Customers
C02855,173,1,468.0,1,1,1,3,Hibernating
C02856,69,3,1617.0,2,3,3,8,Potential Loyalists
C02857,133,3,1387.0,1,3,2,6,At Risk
C02858,130,2,1524.0,1,2,2,5,At Risk
C02860,32,8,3998.0,3,5,5,13,Champions
C02861,2,5,1776.0,5,5,3,13,Champions
C02863,21,2,758.0,4,2,1,7,Potential Loyalists
C02864,20,8,4133.0,4,5,5,14,Champions
C02865,50,5,2839.0,2,5,5,12,Loyal Customers
C02866,23,3,1560.0,4,3,2,9,Potential Loyalists
C02867,13,3,2108.0,4,3,3,10,Loyal Customers
C02868,21,1,909.0,4,1,1,6,At Risk
C02869,0,3,1592.0,5,3,2,10,Loyal Customers
C02870,152,1,282.0,1,1,1,3,Hibernating
C02871,146,2,1028.0,1,2,1,4,Hibernating
C02872,17,6,2698.0,4,5,4,13,Champions
C02873,55,2,1613.0,2,2,3,7,Potential Loyalists
C02874,129,1,296.0,1,1,1,3,Hibernating
C02875,26,5,2031.0,3,5,3,11,Loyal Customers
C02876,27,5,2070.0,3,5,3,11,Loyal Customers
C02877,108,2,1207.0,1,2,2,5,At Risk
C02879,47,3,1355.0,2,3,2,7,Potential Loyalists
C02880,13,2,848.0,4,2,1,7,Potential Loyalists
C02881,38,1,278.0,3,1,1,5,At Risk
C02882,54,4,1598.0,2,4,3,9,Potential Loyalists
C02883,110,3,1431.0,1,3,2,6,At Risk
C02884,65,5,3047.0,2,5,5,12,Loyal Customers
C02885,25,6,2969.0,3,5,5,13,Champions
C02886,86,3,1251.0,1,3,2,6,At Risk
C02887,18,4,2161.0,4,4,4,12,Loyal Customers
C02888,21,5,2680.0,4,5,4,13,Champions
C02889,74,2,1017.0,2,2,1,5,At Risk
C02890,119,1,641.0,1,1,1,3,Hibernating
C02891,64,2,804.0,2,2,1,5,At Risk
C02892,20,3,2214.0,4,3,4,11,Loyal Customers
C02893,5,4,2252.0,5,4,4,13,Champions
C02894,1,4,2373.0,5,4,4,13,Champions
C02895,42,1,317.0,3,1,1,5,At Risk
C02896,23,4,1961.0,4,4,3,11,Loyal Customers
C02897,5,4,1713.0,5,4,3,12,Loyal Customers
C02898,45,3,1393.0,2,3,2,7,Potential Loyalists
C02899,7,3,1891.0,5,3,3,11,Loyal Customers
C02900,79,6,3374.0,1,5,5,11,Loyal Customers
C02901,47,3,1601.0,2,3,3,8,Potential Loyalists
C02902,5,6,3095.0,5,5,5,15,Champions
C02903,48,4,2062.0,2,4,3,9,Potential Loyalists
C02904,37,4,1818.0,3,4,3,10,Loyal Customers
C02905,23,6,2803.0,4,5,4,13,Champions
C02906,25,5,1739.0,3,5,3,11,Loyal Customers
C02907,174,1,258.0,1,1,1,3,Hibernating
C02908,50,2,1439.0,2,2,2,6,At Risk
C02909,2,5,3180.0,5,5,5,15,Champions
C02910,17,5,1563.0,4,5,2,11,Loyal Customers
C02911,28,5,2331.0,3,5,4,12,Loyal Customers
C02912,27,7,3378.0,3,5,5,13,Champions
C02913,118,2,752.0,1,2,1,4,Hibernating
C02914,100,3,1468.0,1,3,2,6,At Risk
C02915,2,7,4257.0,5,5,5,15,Champions
C02916,162,1,585.0,1,1,1,3,Hibernating
C02917,31,5,2362.0,3,5,4,12,Loyal Customers
C02918,27,7,3508.0,3,5,5,13,Champions
C02919,56,5,2553.0,2,5,4,11,Loyal Customers
C02920,0,8,4309.0,5,5,5,15,Champions
C02921,17,2,1196.0,4,2,2,8,Potential Loyalists
C02922,2,7,4222.0,5,5,5,15,Champions
C02923,66,3,1381.0,2,3,2,7,Potential Loyalists
C02924,135,2,537.0,1,2,1,4,Hibernating
C02925,55,5,2571.0,2,5,4,11,Loyal Customers
C02926,20,5,2332.0,4,5,4,13,Champions
C02927,93,4,2012.0,1,4,3,8,Potential Loyalists
C02928,71,3,1776.0,2,3,3,8,Potential Loyalists
C02929,48,4,2297.0,2,4,4,10,Loyal Customers
C02930,4,4,1942.0,5,4,3,12,Loyal Customers
C02931,43,6,2791.0,3,5,4,12,Loyal Customers
C02932,84,3,2100.0,1,3,3,7,Potential Loyalists
C02933,96,2,1263.0,1,2,2,5,At Risk
C02934,69,4,2092.0,2,4,3,9,Potential Loyalists
C02935,35,2,879.0,3,2,1,6,At Risk
C02936,13,1,326.0,4,1,1,6,At Risk
C02937,48,4,1978.0,2,4,3,9,Potential Loyalists
C02938,39,4,2252.0,3,4,4,11,Loyal Customers
C02939,32,1,630.0,3,1,1,5,At Risk
C02940,12,7,3501.0,4,5,5,14,Champions
C02941,49,5,2419.0,2,5,4,11,Loyal Customers
C02942,7,2,790.0,5,2,1,8,Potential Loyalists
C02943,31,5,2207.0,3,5,4,12,Loyal Customers
C02944,11,5,2036.0,4,5,3,12,Loyal Customers
C02945,71,2,1222.0,2,2,2,6,At Risk
C02946,8,6,2470.0,5,5,4,14,Champions
C02947,11,7,5075.0,4,5,5,14,Champions
C02948,57,5,2475.0,2,5,4,11,Loyal Customers
C02949,56,5,3411.0,2,5,5,12,Loyal Customers
C02950,2,5,3530.0,5,5,5,15,Champions
C02951,51,7,3467.0,2,5,5,12,Loyal Customers
C02952,109,4,1561.0,1,4,2,7,Potential Loyalists
C02954,126,1,465.0,1,1,1,3,Hibernating
C02955,24,6,2144.0,4,5,4,13,Champions
C02956,23,8,4705.0,4,5,5,14,Champions
C02957,23,2,1253.0,4,2,2,8,Potential Loyalists
C02958,12,4,2044.0,4,4,3,11,Loyal Customers
C02959,71,4,1735.0,2,4,3,9,Potential Loyalists
C02960,46,6,3509.0,2,5,5,12,Loyal Customers
C02961,3,5,2353.0,5,5,4,14,Champions
C02962,160,1,443.0,1,1,1,3,Hibernating
C02963,21,10,5088.0,4,5,5,14,Champions
C02964,8,4,2489.0,5,4,4,13,Champions
C02965,31,5,3033.0,3,5,5,13,Champions
C02966,4,2,1024.0,5,2,1,8,Potential Loyalists
C02967,153,1,702.0,1,1,1,3,Hibernating
C02968,41,5,3000.0,3,5,5,13,Champions
C02969,13,3,1507.0,4,3,2,9,Potential Loyalists
C02970,82,2,802.0,1,2,1,4,Hibernating
C02971,128,1,723.0,1,1,1,3,Hibernating
C02972,130,2,849.0,1,2,1,4,Hibernating
C02973,2,5,2775.0,5,5,4,14,Champions
C02974,24,6,3275.0,4,5,5,14,Champions
C02975,16,2,1023.0,4,2,1,7,Potential Loyalists
C02976,39,7,3827.0,3,5,5,13,Champions
C02977,7,8,4593.0,5,5,5,15,Champions
C02978,17,6,4323.0,4,5,5,14,Champions
C02979,28,7,3725.0,3,5,5,13,Champions
C02980,21,4,2144.0,4,4,4,12,Loyal Customers
C02981,3,4,2037.0,5,4,3,12,Loyal Customers
C02982,34,3,959.0,3,3,1,7,Potential Loyalists
C02983,49,2,796.0,2,2,1,5,At Risk
C02984,74,4,1945.0,2,4,3,9,Potential Loyalists
C02985,36,5,2102.0,3,5,3,11,Loyal Customers
C02986,8,7,3552.0,5,5,5,15,Champions
C02987,86,3,1181.0,1,3,2,6,At Risk
C02988,20,8,4592.0,4,5,5,14,Champions
C02989,29,6,3311.0,3,5,5,13,Champions
C02990,32,4,2624.0,3,4,4,11,Loyal Customers
C02991,6,4,2364.0,5,4,4,13,Champions
C02992,66,6,3349.0,2,5,5,12,Loyal Customers
C02993,96,1,362.0,1,1,1,3,Hibernating
C02994,12,5,2494.0,4,5,4,13,Champions
C02995,2,2,645.0,5,2,1,8,Potential Loyalists
C02996,75,5,2601.0,1,5,4,10,Loyal Customers
C02997,55,4,2900.0,2,4,5,11,Loyal Customers
C02999,39,1,578.0,3,1,1,5,At Risk
C03000,82,3,1366.0,1,3,2,6,At Risk
